id,segment,start_sec,end_sec,score
UXR_bqyAy4E,0,0.0,7.07,0.4396845896551115
UXR_bqyAy4E,1,7.07,14.14,0.057479061693671014
UXR_bqyAy4E,2,14.14,21.21,0.2492709650288724
UXR_bqyAy4E,3,21.21,28.28,0.0824995955003839
UXR_bqyAy4E,4,28.28,35.35,0.08492631438446557
UXR_bqyAy4E,5,35.35,42.42,0.29081823445530863
UXR_bqyAy4E,6,42.42,49.49,0.1866918345403353
UXR_bqyAy4E,7,49.49,56.56,0.41185376961086745
UXR_bqyAy4E,8,56.56,63.63,0.4022912730564576
UXR_bqyAy4E,9,63.63,70.7,0.2258208216226183
UXR_bqyAy4E,10,70.7,77.77,0.13345922255992182
UXR_bqyAy4E,11,77.77,84.84,0.1296146270236367
UXR_bqyAy4E,12,84.84,91.91,0.11439748381967914
UXR_bqyAy4E,13,91.91,98.98,0.07810207202371885
UXR_bqyAy4E,14,98.98,106.05,0.09362800833376635
UXR_bqyAy4E,15,106.05,113.12,0.11812076637279419
UXR_bqyAy4E,16,113.12,120.19,0.32688036214562716
UXR_bqyAy4E,17,120.19,127.26,0.19578351181202022
UXR_bqyAy4E,18,127.26,134.33,0.1581835721483694
UXR_bqyAy4E,19,134.33,141.4,0.1446885196164921
UXR_bqyAy4E,20,141.4,148.47,0.1605327745816
UXR_bqyAy4E,21,148.47,155.54,0.16797856557296886
UXR_bqyAy4E,22,155.54,162.61,0.41895363622398857
UXR_bqyAy4E,23,162.61,169.68,0.6281171100249354
UXR_bqyAy4E,24,169.68,176.75,0.5970534813554222
UXR_bqyAy4E,25,176.75,183.82,0.5262233360933262
UXR_bqyAy4E,26,183.82,190.89,0.13812313339298982
UXR_bqyAy4E,27,190.89,197.96,0.12799538866337454
UXR_bqyAy4E,28,197.96,205.03,0.0912091880453875
UXR_bqyAy4E,29,205.03,212.1,0.06850683959509214
UXR_bqyAy4E,30,212.1,219.17,0.05518032761321603
UXR_bqyAy4E,31,219.17,226.24,0.059175147354649925
UXR_bqyAy4E,32,226.24,233.31,0.053438975913740826
UXR_bqyAy4E,33,233.31,240.38,0.05358101287018767
UXR_bqyAy4E,34,240.38,247.45,0.04893230880193625
UXR_bqyAy4E,35,247.45,254.52,0.05313667093983537
UXR_bqyAy4E,36,254.52,261.59,0.05156015978373645
UXR_bqyAy4E,37,261.59,268.66,0.04350899785028631
UXR_bqyAy4E,38,268.66,275.73,0.2714567033343118
UXR_bqyAy4E,39,275.73,282.8,0.03070774904294392
UXR_bqyAy4E,40,282.8,289.87,0.04523626459546419
UXR_bqyAy4E,41,289.87,296.94,0.07852612952058848
UXR_bqyAy4E,42,296.94,304.01,0.11271067441644425
UXR_bqyAy4E,43,304.01,311.08,0.5750303596532069
UXR_bqyAy4E,44,311.08,318.15,0.1466764990625223
UXR_bqyAy4E,45,318.15,325.22,0.1001341026071339
UXR_bqyAy4E,46,325.22,332.29,0.07911466674458548
UXR_bqyAy4E,47,332.29,339.36,0.08664470504992092
UXR_bqyAy4E,48,339.36,346.43,0.047801399152913
UXR_bqyAy4E,49,346.43,353.5,0.025852868009785035
UXR_bqyAy4E,50,353.5,360.57,0.01791695078622828
UXR_bqyAy4E,51,360.57,367.64,0.03943787531265671
UXR_bqyAy4E,52,367.64,374.71,0.013103491458441223
UXR_bqyAy4E,53,374.71,381.78,0.015271990553935568
UXR_bqyAy4E,54,381.78,388.85,0.00825757834914095
UXR_bqyAy4E,55,388.85,395.92,0.008248997482712957
UXR_bqyAy4E,56,395.92,402.99,0.0009070494077727738
UXR_bqyAy4E,57,402.99,410.06,0.011783212321413055
UXR_bqyAy4E,58,410.06,417.13,0.016316848807747815
UXR_bqyAy4E,59,417.13,424.2,0.010228632232950816
UXR_bqyAy4E,60,424.2,431.27,0.007996865648288607
UXR_bqyAy4E,61,431.27,438.34,0.007050949770215648
UXR_bqyAy4E,62,438.34,445.41,0.03743541073430768
UXR_bqyAy4E,63,445.41,452.48,0.0017301106332486224
UXR_bqyAy4E,64,452.48,459.55,0.009469074667278463
UXR_bqyAy4E,65,459.55,466.62,0.04277983413336082
UXR_bqyAy4E,66,466.62,473.69,0.9228489313634634
UXR_bqyAy4E,67,473.69,480.76,0.04306363251384627
UXR_bqyAy4E,68,480.76,487.83,0.06478881839891536
UXR_bqyAy4E,69,487.83,494.9,0.010334495720373232
UXR_bqyAy4E,70,494.9,501.97,0.00922617972882553
UXR_bqyAy4E,71,501.97,509.04,1.0
UXR_bqyAy4E,72,509.04,516.11,0.03099537863596297
UXR_bqyAy4E,73,516.11,523.18,0.020262584418742687
UXR_bqyAy4E,74,523.18,530.25,0.010095714087157573
UXR_bqyAy4E,75,530.25,537.32,0.037295650200376514
UXR_bqyAy4E,76,537.32,544.39,0.019531524776436694
UXR_bqyAy4E,77,544.39,551.46,0.0005668193659619445
UXR_bqyAy4E,78,551.46,558.53,0.003920881931742232
UXR_bqyAy4E,79,558.53,565.6,0.0020711147899206924
UXR_bqyAy4E,80,565.6,572.67,0.007429983959520038
UXR_bqyAy4E,81,572.67,579.74,0.013928737262296674
UXR_bqyAy4E,82,579.74,586.81,0.04819381634490325
UXR_bqyAy4E,83,586.81,593.88,0.028801287827979635
UXR_bqyAy4E,84,593.88,600.95,0.02262311648218826
UXR_bqyAy4E,85,600.95,608.02,0.02530785834599424
UXR_bqyAy4E,86,608.02,615.09,0.028216404688539493
UXR_bqyAy4E,87,615.09,622.16,0.012604285777372326
UXR_bqyAy4E,88,622.16,629.23,0.01901547881698809
UXR_bqyAy4E,89,629.23,636.3,0.03389687266091641
UXR_bqyAy4E,90,636.3,643.37,0.0344310381563544
UXR_bqyAy4E,91,643.37,650.44,0.01996674133583996
UXR_bqyAy4E,92,650.44,657.51,0.005868738610896607
UXR_bqyAy4E,93,657.51,664.58,0.005340661069621598
UXR_bqyAy4E,94,664.58,671.65,0.010776469384073771
UXR_bqyAy4E,95,671.65,678.72,0.022053505710519047
UXR_bqyAy4E,96,678.72,685.79,0.024384929743122875
UXR_bqyAy4E,97,685.79,692.86,0.023553077721765136
UXR_bqyAy4E,98,692.86,699.93,0.005293026764473543
UXR_bqyAy4E,99,699.93,707.0,0.0
EJMaCyibnsM,0,0.0,8.0,1.0
EJMaCyibnsM,1,8.0,16.0,0.13453085846741025
EJMaCyibnsM,2,16.0,24.0,0.10217485112339575
EJMaCyibnsM,3,24.0,32.0,0.08864879528661028
EJMaCyibnsM,4,32.0,40.0,0.09198368583955954
EJMaCyibnsM,5,40.0,48.0,0.1061688076006882
EJMaCyibnsM,6,48.0,56.0,0.1321776842322491
EJMaCyibnsM,7,56.0,64.0,0.18755545957273234
EJMaCyibnsM,8,64.0,72.0,0.31507274063259333
EJMaCyibnsM,9,72.0,80.0,0.33198064717624076
EJMaCyibnsM,10,80.0,88.0,0.29071066157132697
EJMaCyibnsM,11,88.0,96.0,0.27459537599878897
EJMaCyibnsM,12,96.0,104.0,0.3040399276079243
EJMaCyibnsM,13,104.0,112.0,0.3374314570885125
EJMaCyibnsM,14,112.0,120.0,0.3473013189695662
EJMaCyibnsM,15,120.0,128.0,0.4754192471532644
EJMaCyibnsM,16,128.0,136.0,0.7515574994701529
EJMaCyibnsM,17,136.0,144.0,0.8352014125614297
EJMaCyibnsM,18,144.0,152.0,0.4086143411106606
EJMaCyibnsM,19,152.0,160.0,0.2599800475624248
EJMaCyibnsM,20,160.0,168.0,0.17658058559847034
EJMaCyibnsM,21,168.0,176.0,0.14088728895101202
EJMaCyibnsM,22,176.0,184.0,0.14411746481891038
EJMaCyibnsM,23,184.0,192.0,0.21787444799676842
EJMaCyibnsM,24,192.0,200.0,0.40374100270206326
EJMaCyibnsM,25,200.0,208.0,0.5742128564833853
EJMaCyibnsM,26,208.0,216.0,0.5090408721620614
EJMaCyibnsM,27,216.0,224.0,0.3571877137771054
EJMaCyibnsM,28,224.0,232.0,0.23587382291929337
EJMaCyibnsM,29,232.0,240.0,0.1964621677744404
EJMaCyibnsM,30,240.0,248.0,0.24119085636167636
EJMaCyibnsM,31,248.0,256.0,0.40024764700105814
EJMaCyibnsM,32,256.0,264.0,0.5336728660097461
EJMaCyibnsM,33,264.0,272.0,0.45914486906715657
EJMaCyibnsM,34,272.0,280.0,0.2929683655368048
EJMaCyibnsM,35,280.0,288.0,0.20143311687623935
EJMaCyibnsM,36,288.0,296.0,0.17593930733164065
EJMaCyibnsM,37,296.0,304.0,0.1581701386488857
EJMaCyibnsM,38,304.0,312.0,0.09900110124790013
EJMaCyibnsM,39,312.0,320.0,0.06323694920121793
EJMaCyibnsM,40,320.0,328.0,0.07003454680462262
EJMaCyibnsM,41,328.0,336.0,0.49606791283354024
EJMaCyibnsM,42,336.0,344.0,0.11270983116080961
EJMaCyibnsM,43,344.0,352.0,0.09907620059030667
EJMaCyibnsM,44,352.0,360.0,0.0906495008144865
EJMaCyibnsM,45,360.0,368.0,0.11270010699534322
EJMaCyibnsM,46,368.0,376.0,0.13840044895752332
EJMaCyibnsM,47,376.0,384.0,0.15269035921141041
EJMaCyibnsM,48,384.0,392.0,0.13622850954818944
EJMaCyibnsM,49,392.0,400.0,0.11852776061031003
EJMaCyibnsM,50,400.0,408.0,0.07665066970715058
EJMaCyibnsM,51,408.0,416.0,0.13987394603054953
EJMaCyibnsM,52,416.0,424.0,0.3377818960838405
EJMaCyibnsM,53,424.0,432.0,0.22180363821070778
EJMaCyibnsM,54,432.0,440.0,0.1794651384239567
EJMaCyibnsM,55,440.0,448.0,0.09188747749280089
EJMaCyibnsM,56,448.0,456.0,0.07427542696743947
EJMaCyibnsM,57,456.0,464.0,0.054031209072472934
EJMaCyibnsM,58,464.0,472.0,0.030008811533162854
EJMaCyibnsM,59,472.0,480.0,0.018011257963436472
EJMaCyibnsM,60,480.0,488.0,0.02051285949843013
EJMaCyibnsM,61,488.0,496.0,0.016268049075187578
EJMaCyibnsM,62,496.0,504.0,0.036176792487526775
EJMaCyibnsM,63,504.0,512.0,0.008307149741556776
EJMaCyibnsM,64,512.0,520.0,0.013923805572636914
EJMaCyibnsM,65,520.0,528.0,0.021368770578742105
EJMaCyibnsM,66,528.0,536.0,0.06523186082405345
EJMaCyibnsM,67,536.0,544.0,0.08123888894157939
EJMaCyibnsM,68,544.0,552.0,0.09636941362839391
EJMaCyibnsM,69,552.0,560.0,0.1873499420111294
EJMaCyibnsM,70,560.0,568.0,0.18801579824456485
EJMaCyibnsM,71,568.0,576.0,0.24541896779109143
EJMaCyibnsM,72,576.0,584.0,0.18527911916110454
EJMaCyibnsM,73,584.0,592.0,0.15106437541463785
EJMaCyibnsM,74,592.0,600.0,0.1882416498295909
EJMaCyibnsM,75,600.0,608.0,0.2584077588728766
EJMaCyibnsM,76,608.0,616.0,0.29179629914131006
EJMaCyibnsM,77,616.0,624.0,0.29655984858496415
EJMaCyibnsM,78,624.0,632.0,0.3399263421221214
EJMaCyibnsM,79,632.0,640.0,0.26491674988793223
EJMaCyibnsM,80,640.0,648.0,0.21954135816736348
EJMaCyibnsM,81,648.0,656.0,0.2562171461135389
EJMaCyibnsM,82,656.0,664.0,0.23321958704513832
EJMaCyibnsM,83,664.0,672.0,0.21899252405420866
EJMaCyibnsM,84,672.0,680.0,0.17376205376736498
EJMaCyibnsM,85,680.0,688.0,0.1740552179816537
EJMaCyibnsM,86,688.0,696.0,0.24224106623204752
EJMaCyibnsM,87,696.0,704.0,0.09813664692544215
EJMaCyibnsM,88,704.0,712.0,0.06023042913904675
EJMaCyibnsM,89,712.0,720.0,0.06917664291620748
EJMaCyibnsM,90,720.0,728.0,0.10414979776134581
EJMaCyibnsM,91,728.0,736.0,0.0383817054901974
EJMaCyibnsM,92,736.0,744.0,0.018532321926635065
EJMaCyibnsM,93,744.0,752.0,0.0719610386825826
EJMaCyibnsM,94,752.0,760.0,0.016045297413877568
EJMaCyibnsM,95,760.0,768.0,0.00482440389850835
EJMaCyibnsM,96,768.0,776.0,0.0
EJMaCyibnsM,97,776.0,784.0,0.004587628772768617
EJMaCyibnsM,98,784.0,792.0,0.008521081381817567
EJMaCyibnsM,99,792.0,800.0,0.20679303259669427
6quOC6McLZU,0,0.0,1.16,1.0
6quOC6McLZU,1,1.16,2.32,0.7864621104924197
6quOC6McLZU,2,2.32,3.48,0.774343905511652
6quOC6McLZU,3,3.48,4.64,0.7884972715060853
6quOC6McLZU,4,4.64,5.8,0.7436793027794876
6quOC6McLZU,5,5.8,6.96,0.6630416707063956
6quOC6McLZU,6,6.96,8.12,0.6012041535497918
6quOC6McLZU,7,8.12,9.28,0.6437679397803784
6quOC6McLZU,8,9.28,10.44,0.6410753952789155
6quOC6McLZU,9,10.44,11.6,0.620322272344689
6quOC6McLZU,10,11.6,12.76,0.6408811792157287
6quOC6McLZU,11,12.76,13.92,0.6514356856672239
6quOC6McLZU,12,13.92,15.08,0.7731422384857902
6quOC6McLZU,13,15.08,16.24,0.7432452478243078
6quOC6McLZU,14,16.24,17.4,0.7007786095054097
6quOC6McLZU,15,17.4,18.56,0.6920680788916217
6quOC6McLZU,16,18.56,19.72,0.8745741497512626
6quOC6McLZU,17,19.72,20.88,0.8760537012798525
6quOC6McLZU,18,20.88,22.04,0.8135408545926518
6quOC6McLZU,19,22.04,23.2,0.7482830609590135
6quOC6McLZU,20,23.2,24.36,0.7958069738990311
6quOC6McLZU,21,24.36,25.52,0.754606847640644
6quOC6McLZU,22,25.52,26.68,0.6834069198355801
6quOC6McLZU,23,26.68,27.84,0.6645616606514273
6quOC6McLZU,24,27.84,29.0,0.6515106602460312
6quOC6McLZU,25,29.0,30.16,0.718802099449721
6quOC6McLZU,26,30.16,31.32,0.7270796119908021
6quOC6McLZU,27,31.32,32.48,0.657293752598157
6quOC6McLZU,28,32.48,33.64,0.6530133422297849
6quOC6McLZU,29,33.64,34.8,0.7030975572758799
6quOC6McLZU,30,34.8,35.96,0.6607628423116064
6quOC6McLZU,31,35.96,37.12,0.6071340046519234
6quOC6McLZU,32,37.12,38.28,0.541497070954072
6quOC6McLZU,33,38.28,39.44,0.5152459983477576
6quOC6McLZU,34,39.44,40.6,0.4664027322212081
6quOC6McLZU,35,40.6,41.76,0.4085712104985228
6quOC6McLZU,36,41.76,42.92,0.3750207644438962
6quOC6McLZU,37,42.92,44.08,0.3643497283544889
6quOC6McLZU,38,44.08,45.24,0.4504921295959323
6quOC6McLZU,39,45.24,46.4,0.4369151506161273
6quOC6McLZU,40,46.4,47.56,0.44103233175521317
6quOC6McLZU,41,47.56,48.72,0.4626547211225577
6quOC6McLZU,42,48.72,49.88,0.5605166061538566
6quOC6McLZU,43,49.88,51.04,0.5789422070971644
6quOC6McLZU,44,51.04,52.2,0.561219293429699
6quOC6McLZU,45,52.2,53.36,0.5247467131660599
6quOC6McLZU,46,53.36,54.52,0.47020781173596127
6quOC6McLZU,47,54.52,55.68,0.4557862122218165
6quOC6McLZU,48,55.68,56.84,0.39741411580991187
6quOC6McLZU,49,56.84,58.0,0.3494135559731367
6quOC6McLZU,50,58.0,59.16,0.32085438298222224
6quOC6McLZU,51,59.16,60.32,0.316500114677706
6quOC6McLZU,52,60.32,61.48,0.28466132230521085
6quOC6McLZU,53,61.48,62.64,0.26087232713071734
6quOC6McLZU,54,62.64,63.8,0.24498527370160417
6quOC6McLZU,55,63.8,64.96,0.2606317305169173
6quOC6McLZU,56,64.96,66.12,0.24555797180743474
6quOC6McLZU,57,66.12,67.28,0.23660357441204763
6quOC6McLZU,58,67.28,68.44,0.2370677388390357
6quOC6McLZU,59,68.44,69.6,0.2445413683629321
6quOC6McLZU,60,69.6,70.76,0.2796947749004671
6quOC6McLZU,61,70.76,71.92,0.26961292733621844
6quOC6McLZU,62,71.92,73.08,0.26621470455178
6quOC6McLZU,63,73.08,74.24,0.2640233332055675
6quOC6McLZU,64,74.24,75.4,0.2796219139667007
6quOC6McLZU,65,75.4,76.56,0.265563183437964
6quOC6McLZU,66,76.56,77.72,0.24986149269092323
6quOC6McLZU,67,77.72,78.88,0.23672843898983778
6quOC6McLZU,68,78.88,80.04,0.2458115892722883
6quOC6McLZU,69,80.04,81.2,0.2301226601556828
6quOC6McLZU,70,81.2,82.36,0.20551466740795787
6quOC6McLZU,71,82.36,83.52,0.17553518476973984
6quOC6McLZU,72,83.52,84.68,0.17442671752615077
6quOC6McLZU,73,84.68,85.84,0.16151238620669742
6quOC6McLZU,74,85.84,87.0,0.14486583630625732
6quOC6McLZU,75,87.0,88.16,0.1364155233130636
6quOC6McLZU,76,88.16,89.32,0.12935858096292654
6quOC6McLZU,77,89.32,90.48,0.13605917472320608
6quOC6McLZU,78,90.48,91.64,0.11795648291000588
6quOC6McLZU,79,91.64,92.8,0.10390451205739033
6quOC6McLZU,80,92.8,93.96,0.0882830002415687
6quOC6McLZU,81,93.96,95.12,0.08324915517632643
6quOC6McLZU,82,95.12,96.28,0.07223786211543855
6quOC6McLZU,83,96.28,97.44,0.061650624075881615
6quOC6McLZU,84,97.44,98.6,0.04697749083185277
6quOC6McLZU,85,98.6,99.76,0.035583807479000376
6quOC6McLZU,86,99.76,100.92,0.026289920803963574
6quOC6McLZU,87,100.92,102.08,0.017561025406377297
6quOC6McLZU,88,102.08,103.24,0.01144367803708497
6quOC6McLZU,89,103.24,104.4,0.00789179724618671
6quOC6McLZU,90,104.4,105.56,0.008575352046399972
6quOC6McLZU,91,105.56,106.72,0.004735816129471567
6quOC6McLZU,92,106.72,107.88,0.003009147591531137
6quOC6McLZU,93,107.88,109.04,0.0010943795999913799
6quOC6McLZU,94,109.04,110.2,0.00040684676029087283
6quOC6McLZU,95,110.2,111.36,5.36686379946031e-05
6quOC6McLZU,96,111.36,112.52,0.0
6quOC6McLZU,97,112.52,113.68,0.0033032034728264783
6quOC6McLZU,98,113.68,114.84,0.0008526164934093382
6quOC6McLZU,99,114.84,116.0,0.00343952360793705
p59ZDdxszkk,0,0.0,5.78,0.8507632620559943
p59ZDdxszkk,1,5.78,11.56,0.3404966557894126
p59ZDdxszkk,2,11.56,17.34,0.2416182622063642
p59ZDdxszkk,3,17.34,23.12,0.13576515364532574
p59ZDdxszkk,4,23.12,28.9,0.0718237916738282
p59ZDdxszkk,5,28.9,34.68,0.06541563768598979
p59ZDdxszkk,6,34.68,40.46,0.07160319980223245
p59ZDdxszkk,7,40.46,46.24,0.07050688744721467
p59ZDdxszkk,8,46.24,52.02,0.0840360200204184
p59ZDdxszkk,9,52.02,57.8,0.18102826004328174
p59ZDdxszkk,10,57.8,63.58,0.32311483167336497
p59ZDdxszkk,11,63.58,69.36,0.5689020941368057
p59ZDdxszkk,12,69.36,75.14,0.656987586529946
p59ZDdxszkk,13,75.14,80.92,0.7258074055412135
p59ZDdxszkk,14,80.92,86.7,0.699321137156268
p59ZDdxszkk,15,86.7,92.48,0.6788384418456075
p59ZDdxszkk,16,92.48,98.26,0.5592285482455133
p59ZDdxszkk,17,98.26,104.04,0.39159627392056956
p59ZDdxszkk,18,104.04,109.82,0.23047516735824056
p59ZDdxszkk,19,109.82,115.6,0.13537020350050674
p59ZDdxszkk,20,115.6,121.38,0.13524388090201425
p59ZDdxszkk,21,121.38,127.16,0.106343509668376
p59ZDdxszkk,22,127.16,132.94,0.06122294455613707
p59ZDdxszkk,23,132.94,138.72,0.026741158791819472
p59ZDdxszkk,24,138.72,144.5,0.03400792830879388
p59ZDdxszkk,25,144.5,150.28,0.05899670078223703
p59ZDdxszkk,26,150.28,156.06,0.11824492415651452
p59ZDdxszkk,27,156.06,161.84,0.22966783714972733
p59ZDdxszkk,28,161.84,167.62,0.2191112147584027
p59ZDdxszkk,29,167.62,173.4,0.14987183692024322
p59ZDdxszkk,30,173.4,179.18,0.348857049317985
p59ZDdxszkk,31,179.18,184.96,0.5420634459682264
p59ZDdxszkk,32,184.96,190.74,0.5610500043102121
p59ZDdxszkk,33,190.74,196.52,0.23603720218250945
p59ZDdxszkk,34,196.52,202.3,0.1005100703276547
p59ZDdxszkk,35,202.3,208.08,0.07632472848765438
p59ZDdxszkk,36,208.08,213.86,0.04415066398241977
p59ZDdxszkk,37,213.86,219.64,0.03466290920944328
p59ZDdxszkk,38,219.64,225.42,0.03855536460111099
p59ZDdxszkk,39,225.42,231.2,0.049657838875584705
p59ZDdxszkk,40,231.2,236.98,0.09255995936406439
p59ZDdxszkk,41,236.98,242.76,0.14081601917078373
p59ZDdxszkk,42,242.76,248.54,0.1123742320569768
p59ZDdxszkk,43,248.54,254.32,0.10395658567623448
p59ZDdxszkk,44,254.32,260.1,0.05092478718216765
p59ZDdxszkk,45,260.1,265.88,0.009096054274049492
p59ZDdxszkk,46,265.88,271.66,0.0
p59ZDdxszkk,47,271.66,277.44,0.015363025918998382
p59ZDdxszkk,48,277.44,283.22,0.029693993844934343
p59ZDdxszkk,49,283.22,289.0,0.02373700887584645
p59ZDdxszkk,50,289.0,294.78,0.007680922114791555
p59ZDdxszkk,51,294.78,300.56,0.01691077317288512
p59ZDdxszkk,52,300.56,306.34,0.011081824251941855
p59ZDdxszkk,53,306.34,312.12,0.03239459729235959
p59ZDdxszkk,54,312.12,317.9,0.07418353680941848
p59ZDdxszkk,55,317.9,323.68,0.19720659257434645
p59ZDdxszkk,56,323.68,329.46,0.20158067502944327
p59ZDdxszkk,57,329.46,335.24,0.12977292478942737
p59ZDdxszkk,58,335.24,341.02,0.05116186362110641
p59ZDdxszkk,59,341.02,346.8,0.046158383841200794
p59ZDdxszkk,60,346.8,352.58,0.08434904954652374
p59ZDdxszkk,61,352.58,358.36,0.3321784485729653
p59ZDdxszkk,62,358.36,364.14,0.17564909165602605
p59ZDdxszkk,63,364.14,369.92,0.11505985759106349
p59ZDdxszkk,64,369.92,375.7,0.05962857965481789
p59ZDdxszkk,65,375.7,381.48,0.05055193462941422
p59ZDdxszkk,66,381.48,387.26,0.07202872616067159
p59ZDdxszkk,67,387.26,393.04,0.1337507867835838
p59ZDdxszkk,68,393.04,398.82,0.36464672420036703
p59ZDdxszkk,69,398.82,404.6,0.5424079084327779
p59ZDdxszkk,70,404.6,410.38,0.5428689445581459
p59ZDdxszkk,71,410.38,416.16,0.30992215561892433
p59ZDdxszkk,72,416.16,421.94,0.16058716020003874
p59ZDdxszkk,73,421.94,427.72,0.1258184897879287
p59ZDdxszkk,74,427.72,433.5,0.2304134831707634
p59ZDdxszkk,75,433.5,439.28,0.39864889177326146
p59ZDdxszkk,76,439.28,445.06,0.558280537912112
p59ZDdxszkk,77,445.06,450.84,1.0
p59ZDdxszkk,78,450.84,456.62,0.4927346485103239
p59ZDdxszkk,79,456.62,462.4,0.4122073007017285
p59ZDdxszkk,80,462.4,468.18,0.3501768782259013
p59ZDdxszkk,81,468.18,473.96,0.22520217376494697
p59ZDdxszkk,82,473.96,479.74,0.22457812358474227
p59ZDdxszkk,83,479.74,485.52,0.1863564385322685
p59ZDdxszkk,84,485.52,491.3,0.2207746198638091
p59ZDdxszkk,85,491.3,497.08,0.1966289827881619
p59ZDdxszkk,86,497.08,502.86,0.13762622584767162
p59ZDdxszkk,87,502.86,508.64,0.14548156532015719
p59ZDdxszkk,88,508.64,514.42,0.17781022434314464
p59ZDdxszkk,89,514.42,520.2,0.22345729117435761
p59ZDdxszkk,90,520.2,525.98,0.31737956118081734
p59ZDdxszkk,91,525.98,531.76,0.42275399690196486
p59ZDdxszkk,92,531.76,537.54,0.2885449805053743
p59ZDdxszkk,93,537.54,543.32,0.17998547821877572
p59ZDdxszkk,94,543.32,549.1,0.19920122522285333
p59ZDdxszkk,95,549.1,554.88,0.19224538773327213
p59ZDdxszkk,96,554.88,560.66,0.21762742644411753
p59ZDdxszkk,97,560.66,566.44,0.3059857709232439
p59ZDdxszkk,98,566.44,572.22,0.42345243443086084
p59ZDdxszkk,99,572.22,578.0,0.2422226963422754
8AcQ8C9xa-A,0,0.0,5.2,0.9573942335992762
8AcQ8C9xa-A,1,5.2,10.4,0.22254706096634408
8AcQ8C9xa-A,2,10.4,15.6,0.14929762283060435
8AcQ8C9xa-A,3,15.6,20.8,0.11895175428776733
8AcQ8C9xa-A,4,20.8,26.0,0.09593704083829985
8AcQ8C9xa-A,5,26.0,31.2,0.08102105214505836
8AcQ8C9xa-A,6,31.2,36.4,0.07232994964001194
8AcQ8C9xa-A,7,36.4,41.6,0.06956583404063833
8AcQ8C9xa-A,8,41.6,46.8,0.08683213487855573
8AcQ8C9xa-A,9,46.8,52.0,0.11867901145713991
8AcQ8C9xa-A,10,52.0,57.2,0.10117915343062224
8AcQ8C9xa-A,11,57.2,62.4,0.12583005481089277
8AcQ8C9xa-A,12,62.4,67.6,0.12448525123733133
8AcQ8C9xa-A,13,67.6,72.8,0.1598452292057374
8AcQ8C9xa-A,14,72.8,78.0,0.17256420828811883
8AcQ8C9xa-A,15,78.0,83.2,0.19544408776776656
8AcQ8C9xa-A,16,83.2,88.4,0.21686773731167855
8AcQ8C9xa-A,17,88.4,93.6,0.21608598471414037
8AcQ8C9xa-A,18,93.6,98.8,0.25330973098259196
8AcQ8C9xa-A,19,98.8,104.0,0.3192342022430753
8AcQ8C9xa-A,20,104.0,109.2,0.5633913856736793
8AcQ8C9xa-A,21,109.2,114.4,0.2767829875506312
8AcQ8C9xa-A,22,114.4,119.6,0.24937440862399302
8AcQ8C9xa-A,23,119.6,124.8,0.2735999757083612
8AcQ8C9xa-A,24,124.8,130.0,0.3770124032454321
8AcQ8C9xa-A,25,130.0,135.2,0.7629031506390056
8AcQ8C9xa-A,26,135.2,140.4,1.0
8AcQ8C9xa-A,27,140.4,145.6,0.7667134018066715
8AcQ8C9xa-A,28,145.6,150.8,0.4093775527000281
8AcQ8C9xa-A,29,150.8,156.0,0.30225092590252617
8AcQ8C9xa-A,30,156.0,161.2,0.2908895880635807
8AcQ8C9xa-A,31,161.2,166.4,0.28920965980847463
8AcQ8C9xa-A,32,166.4,171.6,0.2243100112781236
8AcQ8C9xa-A,33,171.6,176.8,0.2135708391944439
8AcQ8C9xa-A,34,176.8,182.0,0.22424905156428834
8AcQ8C9xa-A,35,182.0,187.2,0.2655934592456351
8AcQ8C9xa-A,36,187.2,192.4,0.29603657121596466
8AcQ8C9xa-A,37,192.4,197.6,0.2689787989149094
8AcQ8C9xa-A,38,197.6,202.8,0.24062757371979077
8AcQ8C9xa-A,39,202.8,208.0,0.21508326276298365
8AcQ8C9xa-A,40,208.0,213.2,0.260176961898161
8AcQ8C9xa-A,41,213.2,218.4,0.2872114418999828
8AcQ8C9xa-A,42,218.4,223.6,0.239342230850708
8AcQ8C9xa-A,43,223.6,228.8,0.1308452404483076
8AcQ8C9xa-A,44,228.8,234.0,0.06534287484818926
8AcQ8C9xa-A,45,234.0,239.2,0.1040116084822021
8AcQ8C9xa-A,46,239.2,244.4,0.14475758472309597
8AcQ8C9xa-A,47,244.4,249.6,0.1332462690762153
8AcQ8C9xa-A,48,249.6,254.8,0.07132044371061316
8AcQ8C9xa-A,49,254.8,260.0,0.03782619428525744
8AcQ8C9xa-A,50,260.0,265.2,0.037638010956797495
8AcQ8C9xa-A,51,265.2,270.4,0.06164618324832061
8AcQ8C9xa-A,52,270.4,275.6,0.05422921947831976
8AcQ8C9xa-A,53,275.6,280.8,0.07887085774948921
8AcQ8C9xa-A,54,280.8,286.0,0.3619937900654692
8AcQ8C9xa-A,55,286.0,291.2,0.07368695668718163
8AcQ8C9xa-A,56,291.2,296.4,0.08034976500626077
8AcQ8C9xa-A,57,296.4,301.6,0.09460503649847557
8AcQ8C9xa-A,58,301.6,306.8,0.08005674711318184
8AcQ8C9xa-A,59,306.8,312.0,0.09055319498950357
8AcQ8C9xa-A,60,312.0,317.2,0.05920702597216282
8AcQ8C9xa-A,61,317.2,322.4,0.059815546898669754
8AcQ8C9xa-A,62,322.4,327.6,0.07326212206106483
8AcQ8C9xa-A,63,327.6,332.8,0.10738647430404888
8AcQ8C9xa-A,64,332.8,338.0,0.10863372696101893
8AcQ8C9xa-A,65,338.0,343.2,0.1058714370781694
8AcQ8C9xa-A,66,343.2,348.4,0.08716030261924018
8AcQ8C9xa-A,67,348.4,353.6,0.08684660608426759
8AcQ8C9xa-A,68,353.6,358.8,0.08048692436239012
8AcQ8C9xa-A,69,358.8,364.0,0.08417846551985404
8AcQ8C9xa-A,70,364.0,369.2,0.11656164152286666
8AcQ8C9xa-A,71,369.2,374.4,0.09858928805991964
8AcQ8C9xa-A,72,374.4,379.6,0.12477340695903563
8AcQ8C9xa-A,73,379.6,384.8,0.08199121868788059
8AcQ8C9xa-A,74,384.8,390.0,0.05816632911730546
8AcQ8C9xa-A,75,390.0,395.2,0.0429865147773015
8AcQ8C9xa-A,76,395.2,400.4,0.043942152460205865
8AcQ8C9xa-A,77,400.4,405.6,0.032903255377479866
8AcQ8C9xa-A,78,405.6,410.8,0.029357233436018676
8AcQ8C9xa-A,79,410.8,416.0,0.03226498488066492
8AcQ8C9xa-A,80,416.0,421.2,0.032461816340028364
8AcQ8C9xa-A,81,421.2,426.4,0.04005825765337965
8AcQ8C9xa-A,82,426.4,431.6,0.03302665459643833
8AcQ8C9xa-A,83,431.6,436.8,0.032568207568209974
8AcQ8C9xa-A,84,436.8,442.0,0.03787235608621341
8AcQ8C9xa-A,85,442.0,447.2,0.03556668751506817
8AcQ8C9xa-A,86,447.2,452.4,0.05865821558502732
8AcQ8C9xa-A,87,452.4,457.6,0.09251555198184892
8AcQ8C9xa-A,88,457.6,462.8,0.032457473056507945
8AcQ8C9xa-A,89,462.8,468.0,0.022301069687311454
8AcQ8C9xa-A,90,468.0,473.2,0.021384252503129423
8AcQ8C9xa-A,91,473.2,478.4,0.03720099207514111
8AcQ8C9xa-A,92,478.4,483.6,0.04657185688727056
8AcQ8C9xa-A,93,483.6,488.8,0.05003729746677989
8AcQ8C9xa-A,94,488.8,494.0,0.056467259665799706
8AcQ8C9xa-A,95,494.0,499.2,0.043132283828197
8AcQ8C9xa-A,96,499.2,504.4,0.013859705984689157
8AcQ8C9xa-A,97,504.4,509.6,0.0
8AcQ8C9xa-A,98,509.6,514.8,0.06035555541035237
8AcQ8C9xa-A,99,514.8,520.0,0.07498223529776908
DUyv6voIQOI,0,0.0,0.79,1.0
DUyv6voIQOI,1,0.79,1.58,0.5316089315217684
DUyv6voIQOI,2,1.58,2.37,0.5288174759546294
DUyv6voIQOI,3,2.37,3.16,0.5374594762749945
DUyv6voIQOI,4,3.16,3.95,0.5447341026387709
DUyv6voIQOI,5,3.95,4.74,0.5660985455954152
DUyv6voIQOI,6,4.74,5.53,0.668507977129112
DUyv6voIQOI,7,5.53,6.32,0.6930773965752742
DUyv6voIQOI,8,6.32,7.11,0.7153167846703401
DUyv6voIQOI,9,7.11,7.9,0.717051953678083
DUyv6voIQOI,10,7.9,8.69,0.7273747347804799
DUyv6voIQOI,11,8.69,9.48,0.7424756800847642
DUyv6voIQOI,12,9.48,10.27,0.7878256145916841
DUyv6voIQOI,13,10.27,11.06,0.82846900316086
DUyv6voIQOI,14,11.06,11.85,0.8308210927479714
DUyv6voIQOI,15,11.85,12.64,0.8326651802129481
DUyv6voIQOI,16,12.64,13.43,0.8322052707255588
DUyv6voIQOI,17,13.43,14.22,0.84088864207227
DUyv6voIQOI,18,14.22,15.01,0.8804239119609412
DUyv6voIQOI,19,15.01,15.8,0.8890356177082382
DUyv6voIQOI,20,15.8,16.59,0.8404595005106529
DUyv6voIQOI,21,16.59,17.38,0.7739676461533277
DUyv6voIQOI,22,17.38,18.17,0.7165762342103739
DUyv6voIQOI,23,18.17,18.96,0.6863920469929418
DUyv6voIQOI,24,18.96,19.75,0.6701787701690853
DUyv6voIQOI,25,19.75,20.54,0.70797167608891
DUyv6voIQOI,26,20.54,21.33,0.6875751920770603
DUyv6voIQOI,27,21.33,22.12,0.667555780829367
DUyv6voIQOI,28,22.12,22.91,0.6562674548809669
DUyv6voIQOI,29,22.91,23.7,0.674149299987087
DUyv6voIQOI,30,23.7,24.49,0.6831501963277676
DUyv6voIQOI,31,24.49,25.28,0.7586045581214638
DUyv6voIQOI,32,25.28,26.07,0.7640801128624319
DUyv6voIQOI,33,26.07,26.86,0.7297094049880772
DUyv6voIQOI,34,26.86,27.65,0.7157056439168308
DUyv6voIQOI,35,27.65,28.44,0.7129617602964627
DUyv6voIQOI,36,28.44,29.23,0.7080981559314692
DUyv6voIQOI,37,29.23,30.02,0.7207646009428429
DUyv6voIQOI,38,30.02,30.81,0.7370658740344078
DUyv6voIQOI,39,30.81,31.6,0.7344053004899769
DUyv6voIQOI,40,31.6,32.39,0.7238413935200666
DUyv6voIQOI,41,32.39,33.18,0.6997321202376457
DUyv6voIQOI,42,33.18,33.97,0.6350172792671137
DUyv6voIQOI,43,33.97,34.76,0.5623593432439504
DUyv6voIQOI,44,34.76,35.55,0.5122036007372185
DUyv6voIQOI,45,35.55,36.34,0.46475794446777546
DUyv6voIQOI,46,36.34,37.13,0.43142473105046053
DUyv6voIQOI,47,37.13,37.92,0.41859767746655574
DUyv6voIQOI,48,37.92,38.71,0.40787690141047744
DUyv6voIQOI,49,38.71,39.5,0.40067408265192633
DUyv6voIQOI,50,39.5,40.29,0.40862437266566115
DUyv6voIQOI,51,40.29,41.08,0.38173322920836117
DUyv6voIQOI,52,41.08,41.87,0.36319884373188244
DUyv6voIQOI,53,41.87,42.66,0.34497431493556535
DUyv6voIQOI,54,42.66,43.45,0.3333345956072112
DUyv6voIQOI,55,43.45,44.24,0.33100830374247797
DUyv6voIQOI,56,44.24,45.03,0.3479142612460082
DUyv6voIQOI,57,45.03,45.82,0.3469685972135809
DUyv6voIQOI,58,45.82,46.61,0.33663589937203137
DUyv6voIQOI,59,46.61,47.4,0.338440319880397
DUyv6voIQOI,60,47.4,48.19,0.33945147225944877
DUyv6voIQOI,61,48.19,48.98,0.3343468603651178
DUyv6voIQOI,62,48.98,49.77,0.3395052687942798
DUyv6voIQOI,63,49.77,50.56,0.3459083581591048
DUyv6voIQOI,64,50.56,51.35,0.3381292798184749
DUyv6voIQOI,65,51.35,52.14,0.33480712486703523
DUyv6voIQOI,66,52.14,52.93,0.3285995301690399
DUyv6voIQOI,67,52.93,53.72,0.3242479040888964
DUyv6voIQOI,68,53.72,54.51,0.32183423131497
DUyv6voIQOI,69,54.51,55.3,0.3661254651637024
DUyv6voIQOI,70,55.3,56.09,0.3667557579569643
DUyv6voIQOI,71,56.09,56.88,0.36803650836868645
DUyv6voIQOI,72,56.88,57.67,0.3604913846021016
DUyv6voIQOI,73,57.67,58.46,0.3521990972595908
DUyv6voIQOI,74,58.46,59.25,0.3447839324779408
DUyv6voIQOI,75,59.25,60.04,0.36505478868209895
DUyv6voIQOI,76,60.04,60.83,0.35763164790738344
DUyv6voIQOI,77,60.83,61.62,0.3537164530205015
DUyv6voIQOI,78,61.62,62.41,0.35604059113043063
DUyv6voIQOI,79,62.41,63.2,0.3518677266990238
DUyv6voIQOI,80,63.2,63.99,0.3525695430858885
DUyv6voIQOI,81,63.99,64.78,0.3740157577221813
DUyv6voIQOI,82,64.78,65.57,0.3892380706598196
DUyv6voIQOI,83,65.57,66.36,0.3665498731982776
DUyv6voIQOI,84,66.36,67.15,0.32883419477214126
DUyv6voIQOI,85,67.15,67.94,0.2892750205719085
DUyv6voIQOI,86,67.94,68.73,0.2616267257966242
DUyv6voIQOI,87,68.73,69.52,0.2511000243492631
DUyv6voIQOI,88,69.52,70.31,0.24574460652461794
DUyv6voIQOI,89,70.31,71.1,0.23101190595655682
DUyv6voIQOI,90,71.1,71.89,0.21826806777804833
DUyv6voIQOI,91,71.89,72.68,0.21013456660015745
DUyv6voIQOI,92,72.68,73.47,0.2056008654023479
DUyv6voIQOI,93,73.47,74.26,0.19545837251115883
DUyv6voIQOI,94,74.26,75.05,0.1973099152812264
DUyv6voIQOI,95,75.05,75.84,0.184648251132165
DUyv6voIQOI,96,75.84,76.63,0.1593544363751483
DUyv6voIQOI,97,76.63,77.42,0.14583587365951248
DUyv6voIQOI,98,77.42,78.21,0.15468481194833109
DUyv6voIQOI,99,78.21,79.0,0.0
5F1LC4QmkRA,0,0.0,0.52,1.0
5F1LC4QmkRA,1,0.52,1.04,0.7813643153394736
5F1LC4QmkRA,2,1.04,1.56,0.780974287980521
5F1LC4QmkRA,3,1.56,2.08,0.7900088353690715
5F1LC4QmkRA,4,2.08,2.6,0.7900990993609183
5F1LC4QmkRA,5,2.6,3.12,0.7878498329482402
5F1LC4QmkRA,6,3.12,3.64,0.7776145119148922
5F1LC4QmkRA,7,3.64,4.16,0.7725188968164877
5F1LC4QmkRA,8,4.16,4.68,0.7542135493947287
5F1LC4QmkRA,9,4.68,5.2,0.76835262963815
5F1LC4QmkRA,10,5.2,5.72,0.7342596392572858
5F1LC4QmkRA,11,5.72,6.24,0.7115849533094337
5F1LC4QmkRA,12,6.24,6.76,0.6837635901855428
5F1LC4QmkRA,13,6.76,7.28,0.6739805850030135
5F1LC4QmkRA,14,7.28,7.8,0.6498989305844552
5F1LC4QmkRA,15,7.8,8.32,0.6334940611816037
5F1LC4QmkRA,16,8.32,8.84,0.6178289581552612
5F1LC4QmkRA,17,8.84,9.36,0.6068727021499217
5F1LC4QmkRA,18,9.36,9.88,0.5969386383210572
5F1LC4QmkRA,19,9.88,10.4,0.6382902297874976
5F1LC4QmkRA,20,10.4,10.92,0.6248488621350159
5F1LC4QmkRA,21,10.92,11.44,0.6213751922862946
5F1LC4QmkRA,22,11.44,11.96,0.6136527320610727
5F1LC4QmkRA,23,11.96,12.48,0.6108734249861413
5F1LC4QmkRA,24,12.48,13.0,0.6085570264270697
5F1LC4QmkRA,25,13.0,13.52,0.6121003181511472
5F1LC4QmkRA,26,13.52,14.04,0.6113802885351421
5F1LC4QmkRA,27,14.04,14.56,0.6141935464595647
5F1LC4QmkRA,28,14.56,15.08,0.6816374974548179
5F1LC4QmkRA,29,15.08,15.6,0.6859679962090934
5F1LC4QmkRA,30,15.6,16.12,0.6845610277383872
5F1LC4QmkRA,31,16.12,16.64,0.6742484345715978
5F1LC4QmkRA,32,16.64,17.16,0.6708678805860804
5F1LC4QmkRA,33,17.16,17.68,0.6725978800727436
5F1LC4QmkRA,34,17.68,18.2,0.6825365612171389
5F1LC4QmkRA,35,18.2,18.72,0.6864193161683271
5F1LC4QmkRA,36,18.72,19.24,0.6904724138483613
5F1LC4QmkRA,37,19.24,19.76,0.699774946608894
5F1LC4QmkRA,38,19.76,20.28,0.7992532442752757
5F1LC4QmkRA,39,20.28,20.8,0.8104281437513371
5F1LC4QmkRA,40,20.8,21.32,0.8997564501860914
5F1LC4QmkRA,41,21.32,21.84,0.8962407718195998
5F1LC4QmkRA,42,21.84,22.36,0.8925434790422312
5F1LC4QmkRA,43,22.36,22.88,0.8860475498396208
5F1LC4QmkRA,44,22.88,23.4,0.8914807721853637
5F1LC4QmkRA,45,23.4,23.92,0.8902274878933534
5F1LC4QmkRA,46,23.92,24.44,0.8919005857562696
5F1LC4QmkRA,47,24.44,24.96,0.9217330614006093
5F1LC4QmkRA,48,24.96,25.48,0.9805219902368221
5F1LC4QmkRA,49,25.48,26.0,0.9604382973187249
5F1LC4QmkRA,50,26.0,26.52,0.9183109063075156
5F1LC4QmkRA,51,26.52,27.04,0.8986323601933442
5F1LC4QmkRA,52,27.04,27.56,0.8862249996129603
5F1LC4QmkRA,53,27.56,28.08,0.8806827724064517
5F1LC4QmkRA,54,28.08,28.6,0.875171689445876
5F1LC4QmkRA,55,28.6,29.12,0.8679909489751325
5F1LC4QmkRA,56,29.12,29.64,0.8528664340082853
5F1LC4QmkRA,57,29.64,30.16,0.8487800192279504
5F1LC4QmkRA,58,30.16,30.68,0.8218307402579849
5F1LC4QmkRA,59,30.68,31.2,0.7869425757142421
5F1LC4QmkRA,60,31.2,31.72,0.7224924558949041
5F1LC4QmkRA,61,31.72,32.24,0.662387546864621
5F1LC4QmkRA,62,32.24,32.76,0.5915956799671609
5F1LC4QmkRA,63,32.76,33.28,0.5361011152265577
5F1LC4QmkRA,64,33.28,33.8,0.4824795962184729
5F1LC4QmkRA,65,33.8,34.32,0.4352603473362028
5F1LC4QmkRA,66,34.32,34.84,0.4046039072086164
5F1LC4QmkRA,67,34.84,35.36,0.3822604457483985
5F1LC4QmkRA,68,35.36,35.88,0.36674434168352216
5F1LC4QmkRA,69,35.88,36.4,0.3426193207132141
5F1LC4QmkRA,70,36.4,36.92,0.3226381140927803
5F1LC4QmkRA,71,36.92,37.44,0.30345493350658226
5F1LC4QmkRA,72,37.44,37.96,0.29659276517356264
5F1LC4QmkRA,73,37.96,38.48,0.2807285743658049
5F1LC4QmkRA,74,38.48,39.0,0.26949980620855113
5F1LC4QmkRA,75,39.0,39.52,0.26590135567100054
5F1LC4QmkRA,76,39.52,40.04,0.25726498384528046
5F1LC4QmkRA,77,40.04,40.56,0.25474804893521535
5F1LC4QmkRA,78,40.56,41.08,0.241991877327161
5F1LC4QmkRA,79,41.08,41.6,0.23025366535634495
5F1LC4QmkRA,80,41.6,42.12,0.22296296940104998
5F1LC4QmkRA,81,42.12,42.64,0.21286456082674937
5F1LC4QmkRA,82,42.64,43.16,0.20842933501874403
5F1LC4QmkRA,83,43.16,43.68,0.20280936036690095
5F1LC4QmkRA,84,43.68,44.2,0.20202554842165216
5F1LC4QmkRA,85,44.2,44.72,0.19514391493492436
5F1LC4QmkRA,86,44.72,45.24,0.19298846603633973
5F1LC4QmkRA,87,45.24,45.76,0.18891940014009478
5F1LC4QmkRA,88,45.76,46.28,0.18772273454808566
5F1LC4QmkRA,89,46.28,46.8,0.18344629686314973
5F1LC4QmkRA,90,46.8,47.32,0.17845139130128537
5F1LC4QmkRA,91,47.32,47.84,0.17770184708012282
5F1LC4QmkRA,92,47.84,48.36,0.1783739494135964
5F1LC4QmkRA,93,48.36,48.88,0.1746837863146208
5F1LC4QmkRA,94,48.88,49.4,0.16797419309921371
5F1LC4QmkRA,95,49.4,49.92,0.1638835344626925
5F1LC4QmkRA,96,49.92,50.44,0.16306487762891614
5F1LC4QmkRA,97,50.44,50.96,0.16716023279961692
5F1LC4QmkRA,98,50.96,51.48,0.17063845206217007
5F1LC4QmkRA,99,51.48,52.0,0.0
FiJTenAqt5M,0,0.0,1.96,1.0
FiJTenAqt5M,1,1.96,3.92,0.187310431062894
FiJTenAqt5M,2,3.92,5.88,0.1944658783123379
FiJTenAqt5M,3,5.88,7.84,0.12926006317756633
FiJTenAqt5M,4,7.84,9.8,0.0850411603301636
FiJTenAqt5M,5,9.8,11.76,0.07770442881579312
FiJTenAqt5M,6,11.76,13.72,0.042886351133912474
FiJTenAqt5M,7,13.72,15.68,0.06116516116452068
FiJTenAqt5M,8,15.68,17.64,0.04519559055240799
FiJTenAqt5M,9,17.64,19.6,0.03840008995295261
FiJTenAqt5M,10,19.6,21.56,0.053151872278793026
FiJTenAqt5M,11,21.56,23.52,0.03758554678986206
FiJTenAqt5M,12,23.52,25.48,0.04153638264703568
FiJTenAqt5M,13,25.48,27.44,0.03653671993315255
FiJTenAqt5M,14,27.44,29.4,0.02652844265841988
FiJTenAqt5M,15,29.4,31.36,0.02209079862123578
FiJTenAqt5M,16,31.36,33.32,0.010510666912224444
FiJTenAqt5M,17,33.32,35.28,0.0
FiJTenAqt5M,18,35.28,37.24,0.013881430577059652
FiJTenAqt5M,19,37.24,39.2,0.01114164102936352
FiJTenAqt5M,20,39.2,41.16,0.022609294092181775
FiJTenAqt5M,21,41.16,43.12,0.028067186495550803
FiJTenAqt5M,22,43.12,45.08,0.03165620293140402
FiJTenAqt5M,23,45.08,47.04,0.022542211423073614
FiJTenAqt5M,24,47.04,49.0,0.014548998646023782
FiJTenAqt5M,25,49.0,50.96,0.02238617211570086
FiJTenAqt5M,26,50.96,52.92,0.019737062155894654
FiJTenAqt5M,27,52.92,54.88,0.01818063935739073
FiJTenAqt5M,28,54.88,56.84,0.021114822569336642
FiJTenAqt5M,29,56.84,58.8,0.019518022820917254
FiJTenAqt5M,30,58.8,60.76,0.03238969255125054
FiJTenAqt5M,31,60.76,62.72,0.030355263597996
FiJTenAqt5M,32,62.72,64.68,0.030651873121540125
FiJTenAqt5M,33,64.68,66.64,0.05140656176375506
FiJTenAqt5M,34,66.64,68.6,0.054882687543722185
FiJTenAqt5M,35,68.6,70.56,0.06444090041197598
FiJTenAqt5M,36,70.56,72.52,0.06434729930080832
FiJTenAqt5M,37,72.52,74.48,0.0776013514816861
FiJTenAqt5M,38,74.48,76.44,0.08964308386858075
FiJTenAqt5M,39,76.44,78.4,0.08058812211263139
FiJTenAqt5M,40,78.4,80.36,0.08253003616209076
FiJTenAqt5M,41,80.36,82.32,0.08456798592544924
FiJTenAqt5M,42,82.32,84.28,0.07721335071714594
FiJTenAqt5M,43,84.28,86.24,0.0665820398757214
FiJTenAqt5M,44,86.24,88.2,0.05778934101708937
FiJTenAqt5M,45,88.2,90.16,0.04449457478745637
FiJTenAqt5M,46,90.16,92.12,0.065152628428946
FiJTenAqt5M,47,92.12,94.08,0.056998582049913774
FiJTenAqt5M,48,94.08,96.04,0.10151769014181786
FiJTenAqt5M,49,96.04,98.0,0.12688025773528536
FiJTenAqt5M,50,98.0,99.96,0.12798597938505754
FiJTenAqt5M,51,99.96,101.92,0.1620113878730041
FiJTenAqt5M,52,101.92,103.88,0.1420361841145468
FiJTenAqt5M,53,103.88,105.84,0.12332648685589823
FiJTenAqt5M,54,105.84,107.8,0.11682100362489874
FiJTenAqt5M,55,107.8,109.76,0.10537181608741288
FiJTenAqt5M,56,109.76,111.72,0.09713282080076631
FiJTenAqt5M,57,111.72,113.68,0.09431310137262527
FiJTenAqt5M,58,113.68,115.64,0.14990890278410307
FiJTenAqt5M,59,115.64,117.6,0.15976072874176997
FiJTenAqt5M,60,117.6,119.56,0.17837948422454214
FiJTenAqt5M,61,119.56,121.52,0.1701886566165517
FiJTenAqt5M,62,121.52,123.48,0.16657540651966385
FiJTenAqt5M,63,123.48,125.44,0.14196689157526698
FiJTenAqt5M,64,125.44,127.4,0.12062242978521448
FiJTenAqt5M,65,127.4,129.36,0.10214907626864994
FiJTenAqt5M,66,129.36,131.32,0.11068625420675943
FiJTenAqt5M,67,131.32,133.28,0.11909720735709978
FiJTenAqt5M,68,133.28,135.24,0.11237841547139846
FiJTenAqt5M,69,135.24,137.2,0.10512775652744147
FiJTenAqt5M,70,137.2,139.16,0.1068827679979786
FiJTenAqt5M,71,139.16,141.12,0.09452685949244675
FiJTenAqt5M,72,141.12,143.08,0.09244699710668065
FiJTenAqt5M,73,143.08,145.04,0.10471967965422349
FiJTenAqt5M,74,145.04,147.0,0.10775461796382488
FiJTenAqt5M,75,147.0,148.96,0.10899398057584048
FiJTenAqt5M,76,148.96,150.92,0.10813303013914578
FiJTenAqt5M,77,150.92,152.88,0.09615377340388288
FiJTenAqt5M,78,152.88,154.84,0.09600945764504773
FiJTenAqt5M,79,154.84,156.8,0.10691805100987134
FiJTenAqt5M,80,156.8,158.76,0.10647075830496365
FiJTenAqt5M,81,158.76,160.72,0.10609886337387771
FiJTenAqt5M,82,160.72,162.68,0.09918623965532618
FiJTenAqt5M,83,162.68,164.64,0.11263240071942886
FiJTenAqt5M,84,164.64,166.6,0.12447670555251605
FiJTenAqt5M,85,166.6,168.56,0.12407574521035923
FiJTenAqt5M,86,168.56,170.52,0.12664904538665067
FiJTenAqt5M,87,170.52,172.48,0.12613260996416975
FiJTenAqt5M,88,172.48,174.44,0.13778435644891243
FiJTenAqt5M,89,174.44,176.4,0.14284402275626917
FiJTenAqt5M,90,176.4,178.36,0.14490013840154697
FiJTenAqt5M,91,178.36,180.32,0.14053418405094747
FiJTenAqt5M,92,180.32,182.28,0.12815288076615525
FiJTenAqt5M,93,182.28,184.24,0.1337281584766069
FiJTenAqt5M,94,184.24,186.2,0.12492122655585254
FiJTenAqt5M,95,186.2,188.16,0.10690763840126605
FiJTenAqt5M,96,188.16,190.12,0.10188823667754485
FiJTenAqt5M,97,190.12,192.08,0.10960019665597202
FiJTenAqt5M,98,192.08,194.04,0.0999609302444742
FiJTenAqt5M,99,194.04,196.0,0.1500384236494163
QYgKCy64CV0,0,0.0,1.75,1.0
QYgKCy64CV0,1,1.75,3.5,0.3486488618763925
QYgKCy64CV0,2,3.5,5.25,0.3737871905245878
QYgKCy64CV0,3,5.25,7.0,0.3653396820012648
QYgKCy64CV0,4,7.0,8.75,0.33569539388278336
QYgKCy64CV0,5,8.75,10.5,0.3795829235683328
QYgKCy64CV0,6,10.5,12.25,0.37264343462597577
QYgKCy64CV0,7,12.25,14.0,0.34724116879955413
QYgKCy64CV0,8,14.0,15.75,0.2951166981188991
QYgKCy64CV0,9,15.75,17.5,0.26496908990191376
QYgKCy64CV0,10,17.5,19.25,0.23879492595963062
QYgKCy64CV0,11,19.25,21.0,0.2219311291035038
QYgKCy64CV0,12,21.0,22.75,0.1820396994255063
QYgKCy64CV0,13,22.75,24.5,0.1842461652957206
QYgKCy64CV0,14,24.5,26.25,0.16014730023402485
QYgKCy64CV0,15,26.25,28.0,0.13773630836435313
QYgKCy64CV0,16,28.0,29.75,0.12397022943886771
QYgKCy64CV0,17,29.75,31.5,0.11624749341950105
QYgKCy64CV0,18,31.5,33.25,0.09917350874017672
QYgKCy64CV0,19,33.25,35.0,0.10722819132576539
QYgKCy64CV0,20,35.0,36.75,0.11686194052047433
QYgKCy64CV0,21,36.75,38.5,0.11127188102913561
QYgKCy64CV0,22,38.5,40.25,0.11359668829719596
QYgKCy64CV0,23,40.25,42.0,0.10428349451811425
QYgKCy64CV0,24,42.0,43.75,0.09788976825758851
QYgKCy64CV0,25,43.75,45.5,0.12587280472488052
QYgKCy64CV0,26,45.5,47.25,0.13174363498365793
QYgKCy64CV0,27,47.25,49.0,0.14073163250798118
QYgKCy64CV0,28,49.0,50.75,0.16724668717917562
QYgKCy64CV0,29,50.75,52.5,0.16296163165153543
QYgKCy64CV0,30,52.5,54.25,0.14769335528872138
QYgKCy64CV0,31,54.25,56.0,0.1454135219707872
QYgKCy64CV0,32,56.0,57.75,0.15571192370797984
QYgKCy64CV0,33,57.75,59.5,0.16373028118000507
QYgKCy64CV0,34,59.5,61.25,0.1580258882882518
QYgKCy64CV0,35,61.25,63.0,0.16580920835300417
QYgKCy64CV0,36,63.0,64.75,0.17622316698456414
QYgKCy64CV0,37,64.75,66.5,0.17001709938272622
QYgKCy64CV0,38,66.5,68.25,0.17493398406335842
QYgKCy64CV0,39,68.25,70.0,0.16739228295955594
QYgKCy64CV0,40,70.0,71.75,0.14582723168461195
QYgKCy64CV0,41,71.75,73.5,0.12595722580762203
QYgKCy64CV0,42,73.5,75.25,0.12101085070378326
QYgKCy64CV0,43,75.25,77.0,0.11825887528841761
QYgKCy64CV0,44,77.0,78.75,0.10594213042361157
QYgKCy64CV0,45,78.75,80.5,0.12134731154079656
QYgKCy64CV0,46,80.5,82.25,0.12686822252908014
QYgKCy64CV0,47,82.25,84.0,0.12069945039807853
QYgKCy64CV0,48,84.0,85.75,0.11353201187548544
QYgKCy64CV0,49,85.75,87.5,0.1144782789743408
QYgKCy64CV0,50,87.5,89.25,0.12145645563927349
QYgKCy64CV0,51,89.25,91.0,0.12009546627987382
QYgKCy64CV0,52,91.0,92.75,0.10131483410476737
QYgKCy64CV0,53,92.75,94.5,0.08430733999335938
QYgKCy64CV0,54,94.5,96.25,0.09857180285209097
QYgKCy64CV0,55,96.25,98.0,0.09454566395852608
QYgKCy64CV0,56,98.0,99.75,0.08858513893617623
QYgKCy64CV0,57,99.75,101.5,0.1247537718420039
QYgKCy64CV0,58,101.5,103.25,0.11767075440215234
QYgKCy64CV0,59,103.25,105.0,0.10088551429568304
QYgKCy64CV0,60,105.0,106.75,0.1041697939593994
QYgKCy64CV0,61,106.75,108.5,0.1173486801664458
QYgKCy64CV0,62,108.5,110.25,0.1089142081821369
QYgKCy64CV0,63,110.25,112.0,0.09215866944610741
QYgKCy64CV0,64,112.0,113.75,0.10242690572894715
QYgKCy64CV0,65,113.75,115.5,0.11141574704220338
QYgKCy64CV0,66,115.5,117.25,0.13184311769885257
QYgKCy64CV0,67,117.25,119.0,0.11691535235992999
QYgKCy64CV0,68,119.0,120.75,0.10707065593198387
QYgKCy64CV0,69,120.75,122.5,0.08541190189603592
QYgKCy64CV0,70,122.5,124.25,0.09346266086308638
QYgKCy64CV0,71,124.25,126.0,0.09056930861200517
QYgKCy64CV0,72,126.0,127.75,0.13749911929530123
QYgKCy64CV0,73,127.75,129.5,0.13515190943107108
QYgKCy64CV0,74,129.5,131.25,0.1886933548668269
QYgKCy64CV0,75,131.25,133.0,0.21274066442471948
QYgKCy64CV0,76,133.0,134.75,0.22239736467840462
QYgKCy64CV0,77,134.75,136.5,0.23661284558957854
QYgKCy64CV0,78,136.5,138.25,0.1847615515759657
QYgKCy64CV0,79,138.25,140.0,0.1479800325786907
QYgKCy64CV0,80,140.0,141.75,0.19863002428846444
QYgKCy64CV0,81,141.75,143.5,0.17632800775948304
QYgKCy64CV0,82,143.5,145.25,0.15256581448203382
QYgKCy64CV0,83,145.25,147.0,0.13752574083613578
QYgKCy64CV0,84,147.0,148.75,0.12485228419992567
QYgKCy64CV0,85,148.75,150.5,0.11836679589294175
QYgKCy64CV0,86,150.5,152.25,0.11407574946387761
QYgKCy64CV0,87,152.25,154.0,0.12438212500648663
QYgKCy64CV0,88,154.0,155.75,0.12779436526188467
QYgKCy64CV0,89,155.75,157.5,0.1246220563895706
QYgKCy64CV0,90,157.5,159.25,0.1312111619775206
QYgKCy64CV0,91,159.25,161.0,0.13191851024001156
QYgKCy64CV0,92,161.0,162.75,0.15600269337427397
QYgKCy64CV0,93,162.75,164.5,0.14056827497056232
QYgKCy64CV0,94,164.5,166.25,0.1286884862046838
QYgKCy64CV0,95,166.25,168.0,0.12158610380882105
QYgKCy64CV0,96,168.0,169.75,0.09041312328051636
QYgKCy64CV0,97,169.75,171.5,0.056016953407240805
QYgKCy64CV0,98,171.5,173.25,0.014843196593117804
QYgKCy64CV0,99,173.25,175.0,0.0
_ZXJdYe4bpE,0,0.0,3.38,1.0
_ZXJdYe4bpE,1,3.38,6.76,0.5134927600724682
_ZXJdYe4bpE,2,6.76,10.14,0.4944919554910166
_ZXJdYe4bpE,3,10.14,13.52,0.5173747443486266
_ZXJdYe4bpE,4,13.52,16.9,0.4588922289815685
_ZXJdYe4bpE,5,16.9,20.28,0.47221478482761553
_ZXJdYe4bpE,6,20.28,23.66,0.3684959921996257
_ZXJdYe4bpE,7,23.66,27.04,0.36044734281100693
_ZXJdYe4bpE,8,27.04,30.42,0.3790194102943903
_ZXJdYe4bpE,9,30.42,33.8,0.43391805056292726
_ZXJdYe4bpE,10,33.8,37.18,0.413891096897792
_ZXJdYe4bpE,11,37.18,40.56,0.3556373855467032
_ZXJdYe4bpE,12,40.56,43.94,0.3291984734959978
_ZXJdYe4bpE,13,43.94,47.32,0.3364969262153675
_ZXJdYe4bpE,14,47.32,50.7,0.3767000373382491
_ZXJdYe4bpE,15,50.7,54.08,0.40147308904445045
_ZXJdYe4bpE,16,54.08,57.46,0.39888731271660194
_ZXJdYe4bpE,17,57.46,60.84,0.3784418424131923
_ZXJdYe4bpE,18,60.84,64.22,0.3240719803856694
_ZXJdYe4bpE,19,64.22,67.6,0.33080241426656826
_ZXJdYe4bpE,20,67.6,70.98,0.3190457522239758
_ZXJdYe4bpE,21,70.98,74.36,0.34608998406130487
_ZXJdYe4bpE,22,74.36,77.74,0.36692360803119256
_ZXJdYe4bpE,23,77.74,81.12,0.3935147825522577
_ZXJdYe4bpE,24,81.12,84.5,0.3652619999947779
_ZXJdYe4bpE,25,84.5,87.88,0.3543390141434005
_ZXJdYe4bpE,26,87.88,91.26,0.32573963117568483
_ZXJdYe4bpE,27,91.26,94.64,0.3344316473180432
_ZXJdYe4bpE,28,94.64,98.02,0.3357219617165449
_ZXJdYe4bpE,29,98.02,101.4,0.374390213424835
_ZXJdYe4bpE,30,101.4,104.78,0.3731468982210059
_ZXJdYe4bpE,31,104.78,108.16,0.37431919241955214
_ZXJdYe4bpE,32,108.16,111.54,0.3533083143440423
_ZXJdYe4bpE,33,111.54,114.92,0.393591995514934
_ZXJdYe4bpE,34,114.92,118.3,0.40476676276634277
_ZXJdYe4bpE,35,118.3,121.68,0.38813456839259397
_ZXJdYe4bpE,36,121.68,125.06,0.4055817884834815
_ZXJdYe4bpE,37,125.06,128.44,0.40260420299623595
_ZXJdYe4bpE,38,128.44,131.82,0.39979111469034434
_ZXJdYe4bpE,39,131.82,135.2,0.34143318449011656
_ZXJdYe4bpE,40,135.2,138.58,0.35302900484427413
_ZXJdYe4bpE,41,138.58,141.96,0.3883850815603882
_ZXJdYe4bpE,42,141.96,145.34,0.3769876276485072
_ZXJdYe4bpE,43,145.34,148.72,0.406747816122738
_ZXJdYe4bpE,44,148.72,152.1,0.3906582759427162
_ZXJdYe4bpE,45,152.1,155.48,0.37068048492724637
_ZXJdYe4bpE,46,155.48,158.86,0.3949396787716947
_ZXJdYe4bpE,47,158.86,162.24,0.447431438059724
_ZXJdYe4bpE,48,162.24,165.62,0.4533594539439598
_ZXJdYe4bpE,49,165.62,169.0,0.4575808768483086
_ZXJdYe4bpE,50,169.0,172.38,0.380952494631461
_ZXJdYe4bpE,51,172.38,175.76,0.34620173770197066
_ZXJdYe4bpE,52,175.76,179.14,0.39376350527454057
_ZXJdYe4bpE,53,179.14,182.52,0.42169438064946174
_ZXJdYe4bpE,54,182.52,185.9,0.4555685652973613
_ZXJdYe4bpE,55,185.9,189.28,0.4820326181871217
_ZXJdYe4bpE,56,189.28,192.66,0.418057389000771
_ZXJdYe4bpE,57,192.66,196.04,0.3598056919008824
_ZXJdYe4bpE,58,196.04,199.42,0.33416061862876495
_ZXJdYe4bpE,59,199.42,202.8,0.31688296864818005
_ZXJdYe4bpE,60,202.8,206.18,0.35238078896727476
_ZXJdYe4bpE,61,206.18,209.56,0.4014184804563547
_ZXJdYe4bpE,62,209.56,212.94,0.405176923992231
_ZXJdYe4bpE,63,212.94,216.32,0.4038618417641558
_ZXJdYe4bpE,64,216.32,219.7,0.36700074639197255
_ZXJdYe4bpE,65,219.7,223.08,0.3610366977918212
_ZXJdYe4bpE,66,223.08,226.46,0.36292651302903467
_ZXJdYe4bpE,67,226.46,229.84,0.32061112381415624
_ZXJdYe4bpE,68,229.84,233.22,0.31194514373360854
_ZXJdYe4bpE,69,233.22,236.6,0.338982139186996
_ZXJdYe4bpE,70,236.6,239.98,0.3742283273098519
_ZXJdYe4bpE,71,239.98,243.36,0.45175417033925586
_ZXJdYe4bpE,72,243.36,246.74,0.5124093167324221
_ZXJdYe4bpE,73,246.74,250.12,0.5088593108948236
_ZXJdYe4bpE,74,250.12,253.5,0.45158004951327857
_ZXJdYe4bpE,75,253.5,256.88,0.39357416566171693
_ZXJdYe4bpE,76,256.88,260.26,0.36628837288415034
_ZXJdYe4bpE,77,260.26,263.64,0.4180506748301035
_ZXJdYe4bpE,78,263.64,267.02,0.4871168866241411
_ZXJdYe4bpE,79,267.02,270.4,0.48108644233627773
_ZXJdYe4bpE,80,270.4,273.78,0.49345871922718404
_ZXJdYe4bpE,81,273.78,277.16,0.41084816014938286
_ZXJdYe4bpE,82,277.16,280.54,0.365888432118056
_ZXJdYe4bpE,83,280.54,283.92,0.3259080822575429
_ZXJdYe4bpE,84,283.92,287.3,0.3155994430222422
_ZXJdYe4bpE,85,287.3,290.68,0.30715331473010715
_ZXJdYe4bpE,86,290.68,294.06,0.3431197841617936
_ZXJdYe4bpE,87,294.06,297.44,0.35970766500913687
_ZXJdYe4bpE,88,297.44,300.82,0.43783912623274973
_ZXJdYe4bpE,89,300.82,304.2,0.3676846965773023
_ZXJdYe4bpE,90,304.2,307.58,0.3415873866097802
_ZXJdYe4bpE,91,307.58,310.96,0.33930919390039976
_ZXJdYe4bpE,92,310.96,314.34,0.3694385125575507
_ZXJdYe4bpE,93,314.34,317.72,0.3410862856722955
_ZXJdYe4bpE,94,317.72,321.1,0.28331647952159295
_ZXJdYe4bpE,95,321.1,324.48,0.08678087968318067
_ZXJdYe4bpE,96,324.48,327.86,0.021983574900490396
_ZXJdYe4bpE,97,327.86,331.24,0.0
_ZXJdYe4bpE,98,331.24,334.62,0.009536472307589586
_ZXJdYe4bpE,99,334.62,338.0,0.04315137806487903
WlLChq8FUxY,0,0.0,3.26,0.9762372222438453
WlLChq8FUxY,1,3.26,6.52,0.24712692335934394
WlLChq8FUxY,2,6.52,9.78,0.22346763561404587
WlLChq8FUxY,3,9.78,13.04,0.22343419780763016
WlLChq8FUxY,4,13.04,16.3,0.1324244803798321
WlLChq8FUxY,5,16.3,19.56,0.08657506178972248
WlLChq8FUxY,6,19.56,22.82,0.08161432914330868
WlLChq8FUxY,7,22.82,26.08,0.0814201223636463
WlLChq8FUxY,8,26.08,29.34,0.07676588065083881
WlLChq8FUxY,9,29.34,32.6,0.09643132336003944
WlLChq8FUxY,10,32.6,35.86,0.09042458925332977
WlLChq8FUxY,11,35.86,39.12,0.09319698465886816
WlLChq8FUxY,12,39.12,42.38,0.09585522339330337
WlLChq8FUxY,13,42.38,45.64,0.08752365891992943
WlLChq8FUxY,14,45.64,48.9,0.06607377423354863
WlLChq8FUxY,15,48.9,52.16,0.07798348493366006
WlLChq8FUxY,16,52.16,55.42,0.07428750387711365
WlLChq8FUxY,17,55.42,58.68,0.07410366281744014
WlLChq8FUxY,18,58.68,61.94,0.08272473181876121
WlLChq8FUxY,19,61.94,65.2,0.08716821503773055
WlLChq8FUxY,20,65.2,68.46,0.06690025649472546
WlLChq8FUxY,21,68.46,71.72,0.048280096332982775
WlLChq8FUxY,22,71.72,74.98,0.06515784584020982
WlLChq8FUxY,23,74.98,78.24,0.06070724036847393
WlLChq8FUxY,24,78.24,81.5,0.07914702028350712
WlLChq8FUxY,25,81.5,84.76,0.08194201964618253
WlLChq8FUxY,26,84.76,88.02,0.11841353792455815
WlLChq8FUxY,27,88.02,91.28,0.1376840801399894
WlLChq8FUxY,28,91.28,94.54,0.15468312528998937
WlLChq8FUxY,29,94.54,97.8,0.16173990683157122
WlLChq8FUxY,30,97.8,101.06,0.2690915830754944
WlLChq8FUxY,31,101.06,104.32,0.20671542835100656
WlLChq8FUxY,32,104.32,107.58,0.20741190442083915
WlLChq8FUxY,33,107.58,110.84,0.19537820633453828
WlLChq8FUxY,34,110.84,114.1,0.23935427182020838
WlLChq8FUxY,35,114.1,117.36,0.3765936960104818
WlLChq8FUxY,36,117.36,120.62,0.3786046456883219
WlLChq8FUxY,37,120.62,123.88,0.2907169159321384
WlLChq8FUxY,38,123.88,127.14,0.2379429288870146
WlLChq8FUxY,39,127.14,130.4,0.1839701630440816
WlLChq8FUxY,40,130.4,133.66,0.15378568800359843
WlLChq8FUxY,41,133.66,136.92,0.1432476964360782
WlLChq8FUxY,42,136.92,140.18,0.16582634115363373
WlLChq8FUxY,43,140.18,143.44,0.209086202263686
WlLChq8FUxY,44,143.44,146.7,0.2152644723173082
WlLChq8FUxY,45,146.7,149.96,0.20712624524062984
WlLChq8FUxY,46,149.96,153.22,0.240214359076833
WlLChq8FUxY,47,153.22,156.48,0.30508132943903266
WlLChq8FUxY,48,156.48,159.74,0.3433115760214548
WlLChq8FUxY,49,159.74,163.0,0.37566218559935327
WlLChq8FUxY,50,163.0,166.26,0.22877812771556785
WlLChq8FUxY,51,166.26,169.52,0.2695720174780752
WlLChq8FUxY,52,169.52,172.78,0.4062510909084343
WlLChq8FUxY,53,172.78,176.04,0.4244161123681497
WlLChq8FUxY,54,176.04,179.3,0.5623685309046251
WlLChq8FUxY,55,179.3,182.56,0.6401730901361548
WlLChq8FUxY,56,182.56,185.82,0.6391622652482082
WlLChq8FUxY,57,185.82,189.08,0.5913896712220996
WlLChq8FUxY,58,189.08,192.34,0.5609475578831835
WlLChq8FUxY,59,192.34,195.6,0.564223259150891
WlLChq8FUxY,60,195.6,198.86,0.5931127213867006
WlLChq8FUxY,61,198.86,202.12,0.603701404668747
WlLChq8FUxY,62,202.12,205.38,0.6144991411165044
WlLChq8FUxY,63,205.38,208.64,0.7181422302508624
WlLChq8FUxY,64,208.64,211.9,0.7822372888519558
WlLChq8FUxY,65,211.9,215.16,0.7253441987479012
WlLChq8FUxY,66,215.16,218.42,0.7429007858820766
WlLChq8FUxY,67,218.42,221.68,0.6162811755716227
WlLChq8FUxY,68,221.68,224.94,0.5447684746221093
WlLChq8FUxY,69,224.94,228.2,0.5816789978609167
WlLChq8FUxY,70,228.2,231.46,0.7542223590051423
WlLChq8FUxY,71,231.46,234.72,1.0
WlLChq8FUxY,72,234.72,237.98,0.9776385338351145
WlLChq8FUxY,73,237.98,241.24,0.7381582349225253
WlLChq8FUxY,74,241.24,244.5,0.4671601953142398
WlLChq8FUxY,75,244.5,247.76,0.3302358890116279
WlLChq8FUxY,76,247.76,251.02,0.29984747678981544
WlLChq8FUxY,77,251.02,254.28,0.36763176201055914
WlLChq8FUxY,78,254.28,257.54,0.4398893235357885
WlLChq8FUxY,79,257.54,260.8,0.5080959616893689
WlLChq8FUxY,80,260.8,264.06,0.5051759049306989
WlLChq8FUxY,81,264.06,267.32,0.4645134591852116
WlLChq8FUxY,82,267.32,270.58,0.45288312135770337
WlLChq8FUxY,83,270.58,273.84,0.6033549221186676
WlLChq8FUxY,84,273.84,277.1,0.7272227347123352
WlLChq8FUxY,85,277.1,280.36,0.8116298563230959
WlLChq8FUxY,86,280.36,283.62,0.6708539494128789
WlLChq8FUxY,87,283.62,286.88,0.5670774434309223
WlLChq8FUxY,88,286.88,290.14,0.2629599921996285
WlLChq8FUxY,89,290.14,293.4,0.1532835524646539
WlLChq8FUxY,90,293.4,296.66,0.11058497837309557
WlLChq8FUxY,91,296.66,299.92,0.09444461609185072
WlLChq8FUxY,92,299.92,303.18,0.10189486030152609
WlLChq8FUxY,93,303.18,306.44,0.08829109001497612
WlLChq8FUxY,94,306.44,309.7,0.07791263022186519
WlLChq8FUxY,95,309.7,312.96,0.04280375271163891
WlLChq8FUxY,96,312.96,316.22,0.02227680163904102
WlLChq8FUxY,97,316.22,319.48,0.011691579169958619
WlLChq8FUxY,98,319.48,322.74,0.0
WlLChq8FUxY,99,322.74,326.0,0.10591879936339767
jwqrVwh0ZpQ,0,0.0,1.47,1.0
jwqrVwh0ZpQ,1,1.47,2.94,0.23792721803257777
jwqrVwh0ZpQ,2,2.94,4.41,0.1987954386660989
jwqrVwh0ZpQ,3,4.41,5.88,0.17339413462077763
jwqrVwh0ZpQ,4,5.88,7.35,0.1379508577919504
jwqrVwh0ZpQ,5,7.35,8.82,0.10276209097579049
jwqrVwh0ZpQ,6,8.82,10.29,0.12078431414049165
jwqrVwh0ZpQ,7,10.29,11.76,0.09502633789926386
jwqrVwh0ZpQ,8,11.76,13.23,0.1026043297717127
jwqrVwh0ZpQ,9,13.23,14.7,0.10805026607346935
jwqrVwh0ZpQ,10,14.7,16.17,0.13589442665809426
jwqrVwh0ZpQ,11,16.17,17.64,0.12610578352736956
jwqrVwh0ZpQ,12,17.64,19.11,0.11451570770023646
jwqrVwh0ZpQ,13,19.11,20.58,0.1218104539021029
jwqrVwh0ZpQ,14,20.58,22.05,0.1084602172725074
jwqrVwh0ZpQ,15,22.05,23.52,0.11119588446767682
jwqrVwh0ZpQ,16,23.52,24.99,0.08788239284835411
jwqrVwh0ZpQ,17,24.99,26.46,0.09359956771150767
jwqrVwh0ZpQ,18,26.46,27.93,0.09107648740201893
jwqrVwh0ZpQ,19,27.93,29.4,0.09650382286005434
jwqrVwh0ZpQ,20,29.4,30.87,0.12102433421800629
jwqrVwh0ZpQ,21,30.87,32.34,0.12102172928584401
jwqrVwh0ZpQ,22,32.34,33.81,0.13478146939176217
jwqrVwh0ZpQ,23,33.81,35.28,0.131482770530956
jwqrVwh0ZpQ,24,35.28,36.75,0.15903432397004036
jwqrVwh0ZpQ,25,36.75,38.22,0.1730429572036509
jwqrVwh0ZpQ,26,38.22,39.69,0.1690288788477799
jwqrVwh0ZpQ,27,39.69,41.16,0.1905562010450825
jwqrVwh0ZpQ,28,41.16,42.63,0.18542525802463597
jwqrVwh0ZpQ,29,42.63,44.1,0.17310983069650432
jwqrVwh0ZpQ,30,44.1,45.57,0.20403074178129657
jwqrVwh0ZpQ,31,45.57,47.04,0.20495028283457972
jwqrVwh0ZpQ,32,47.04,48.51,0.18358133237233043
jwqrVwh0ZpQ,33,48.51,49.98,0.1774751271715671
jwqrVwh0ZpQ,34,49.98,51.45,0.210708363273094
jwqrVwh0ZpQ,35,51.45,52.92,0.18470287777438504
jwqrVwh0ZpQ,36,52.92,54.39,0.17826263072587492
jwqrVwh0ZpQ,37,54.39,55.86,0.21873733402613674
jwqrVwh0ZpQ,38,55.86,57.33,0.21319973667392006
jwqrVwh0ZpQ,39,57.33,58.8,0.20866479399178908
jwqrVwh0ZpQ,40,58.8,60.27,0.20338325333071103
jwqrVwh0ZpQ,41,60.27,61.74,0.21166062878666575
jwqrVwh0ZpQ,42,61.74,63.21,0.20779507226610944
jwqrVwh0ZpQ,43,63.21,64.68,0.22925254971981104
jwqrVwh0ZpQ,44,64.68,66.15,0.21575529723130715
jwqrVwh0ZpQ,45,66.15,67.62,0.22335689630147662
jwqrVwh0ZpQ,46,67.62,69.09,0.2258536830769524
jwqrVwh0ZpQ,47,69.09,70.56,0.18152380228271833
jwqrVwh0ZpQ,48,70.56,72.03,0.17343561002504887
jwqrVwh0ZpQ,49,72.03,73.5,0.18767323307654943
jwqrVwh0ZpQ,50,73.5,74.97,0.19832463787983268
jwqrVwh0ZpQ,51,74.97,76.44,0.20357268074138649
jwqrVwh0ZpQ,52,76.44,77.91,0.21469761336929333
jwqrVwh0ZpQ,53,77.91,79.38,0.23411152154169002
jwqrVwh0ZpQ,54,79.38,80.85,0.22612545076519475
jwqrVwh0ZpQ,55,80.85,82.32,0.22490532496162405
jwqrVwh0ZpQ,56,82.32,83.79,0.21404165888918042
jwqrVwh0ZpQ,57,83.79,85.26,0.19583485185954302
jwqrVwh0ZpQ,58,85.26,86.73,0.21725146443994894
jwqrVwh0ZpQ,59,86.73,88.2,0.23771141568375928
jwqrVwh0ZpQ,60,88.2,89.67,0.21667500109285046
jwqrVwh0ZpQ,61,89.67,91.14,0.21554258823943137
jwqrVwh0ZpQ,62,91.14,92.61,0.20946296148713622
jwqrVwh0ZpQ,63,92.61,94.08,0.20207256543243624
jwqrVwh0ZpQ,64,94.08,95.55,0.2173618891423904
jwqrVwh0ZpQ,65,95.55,97.02,0.22161541774686555
jwqrVwh0ZpQ,66,97.02,98.49,0.19513408440582597
jwqrVwh0ZpQ,67,98.49,99.96,0.18813841697784073
jwqrVwh0ZpQ,68,99.96,101.43,0.20287976878622127
jwqrVwh0ZpQ,69,101.43,102.9,0.21609353139175258
jwqrVwh0ZpQ,70,102.9,104.37,0.20574515346265898
jwqrVwh0ZpQ,71,104.37,105.84,0.2181761746554916
jwqrVwh0ZpQ,72,105.84,107.31,0.245917806738292
jwqrVwh0ZpQ,73,107.31,108.78,0.24672529500653229
jwqrVwh0ZpQ,74,108.78,110.25,0.2092060093505668
jwqrVwh0ZpQ,75,110.25,111.72,0.2071884486888196
jwqrVwh0ZpQ,76,111.72,113.19,0.2064581315358867
jwqrVwh0ZpQ,77,113.19,114.66,0.19064822841412787
jwqrVwh0ZpQ,78,114.66,116.13,0.22984045034718453
jwqrVwh0ZpQ,79,116.13,117.6,0.23232063068012582
jwqrVwh0ZpQ,80,117.6,119.07,0.25892211651715036
jwqrVwh0ZpQ,81,119.07,120.54,0.2803349031034429
jwqrVwh0ZpQ,82,120.54,122.01,0.3141650349887162
jwqrVwh0ZpQ,83,122.01,123.48,0.33968323536481954
jwqrVwh0ZpQ,84,123.48,124.95,0.3298242183636484
jwqrVwh0ZpQ,85,124.95,126.42,0.32852679933857515
jwqrVwh0ZpQ,86,126.42,127.89,0.3305734619768228
jwqrVwh0ZpQ,87,127.89,129.36,0.3566000718472852
jwqrVwh0ZpQ,88,129.36,130.83,0.2909811387444667
jwqrVwh0ZpQ,89,130.83,132.3,0.31434868270615657
jwqrVwh0ZpQ,90,132.3,133.77,0.2964529615595859
jwqrVwh0ZpQ,91,133.77,135.24,0.2671259433415858
jwqrVwh0ZpQ,92,135.24,136.71,0.28873735600525186
jwqrVwh0ZpQ,93,136.71,138.18,0.2689330336250342
jwqrVwh0ZpQ,94,138.18,139.65,0.2430869374130044
jwqrVwh0ZpQ,95,139.65,141.12,0.19712864840082808
jwqrVwh0ZpQ,96,141.12,142.59,0.12783265004063288
jwqrVwh0ZpQ,97,142.59,144.06,0.056055738710325764
jwqrVwh0ZpQ,98,144.06,145.53,0.0
jwqrVwh0ZpQ,99,145.53,147.0,0.03881865838016038
jzsiDRP5gXc,0,0.0,7.06,0.7269068120663051
jzsiDRP5gXc,1,7.06,14.12,0.10399641105550336
jzsiDRP5gXc,2,14.12,21.18,0.12850206369519357
jzsiDRP5gXc,3,21.18,28.24,0.16434239952089555
jzsiDRP5gXc,4,28.24,35.3,0.1401513729179168
jzsiDRP5gXc,5,35.3,42.36,0.07287692267789188
jzsiDRP5gXc,6,42.36,49.42,0.07315172330706313
jzsiDRP5gXc,7,49.42,56.48,0.09663229441553035
jzsiDRP5gXc,8,56.48,63.54,0.11286806559232924
jzsiDRP5gXc,9,63.54,70.6,0.11796818491222784
jzsiDRP5gXc,10,70.6,77.66,0.1281141461474629
jzsiDRP5gXc,11,77.66,84.72,0.18699715438158124
jzsiDRP5gXc,12,84.72,91.78,0.1047502969810948
jzsiDRP5gXc,13,91.78,98.84,0.1184721438076431
jzsiDRP5gXc,14,98.84,105.9,0.12128297747125082
jzsiDRP5gXc,15,105.9,112.96,0.11046263224547653
jzsiDRP5gXc,16,112.96,120.02,0.09712137594241457
jzsiDRP5gXc,17,120.02,127.08,0.10736941570554771
jzsiDRP5gXc,18,127.08,134.14,0.14074051245803085
jzsiDRP5gXc,19,134.14,141.2,0.23665179153133606
jzsiDRP5gXc,20,141.2,148.26,0.37963785082023377
jzsiDRP5gXc,21,148.26,155.32,0.38696849072244
jzsiDRP5gXc,22,155.32,162.38,0.3173376418362748
jzsiDRP5gXc,23,162.38,169.44,0.3368764440498698
jzsiDRP5gXc,24,169.44,176.5,0.2945755019381149
jzsiDRP5gXc,25,176.5,183.56,0.1607403110446213
jzsiDRP5gXc,26,183.56,190.62,0.14891000624477277
jzsiDRP5gXc,27,190.62,197.68,0.16148403059114505
jzsiDRP5gXc,28,197.68,204.74,0.12735145503163292
jzsiDRP5gXc,29,204.74,211.8,0.11117442766024178
jzsiDRP5gXc,30,211.8,218.86,0.13992841444141804
jzsiDRP5gXc,31,218.86,225.92,0.12817865373681905
jzsiDRP5gXc,32,225.92,232.98,0.09837931647201081
jzsiDRP5gXc,33,232.98,240.04,0.10077060621618569
jzsiDRP5gXc,34,240.04,247.1,0.10743528448373303
jzsiDRP5gXc,35,247.1,254.16,0.11761614745129036
jzsiDRP5gXc,36,254.16,261.22,0.09594286290785643
jzsiDRP5gXc,37,261.22,268.28,0.11855349610875993
jzsiDRP5gXc,38,268.28,275.34,0.13306006829530995
jzsiDRP5gXc,39,275.34,282.4,0.125116765808536
jzsiDRP5gXc,40,282.4,289.46,0.10133652047190247
jzsiDRP5gXc,41,289.46,296.52,0.12281652683588562
jzsiDRP5gXc,42,296.52,303.58,0.22037341939790003
jzsiDRP5gXc,43,303.58,310.64,0.2125467963160743
jzsiDRP5gXc,44,310.64,317.7,0.11777387520686747
jzsiDRP5gXc,45,317.7,324.76,0.07065554758303004
jzsiDRP5gXc,46,324.76,331.82,0.12353068306252642
jzsiDRP5gXc,47,331.82,338.88,0.12157975917315521
jzsiDRP5gXc,48,338.88,345.94,0.43099265535474085
jzsiDRP5gXc,49,345.94,353.0,0.1225957377540833
jzsiDRP5gXc,50,353.0,360.06,0.14415945723105883
jzsiDRP5gXc,51,360.06,367.12,0.1772663132020843
jzsiDRP5gXc,52,367.12,374.18,0.30477446446338474
jzsiDRP5gXc,53,374.18,381.24,0.4280530830039017
jzsiDRP5gXc,54,381.24,388.3,0.43503202574237776
jzsiDRP5gXc,55,388.3,395.36,0.3113936279794576
jzsiDRP5gXc,56,395.36,402.42,0.17470866066069746
jzsiDRP5gXc,57,402.42,409.48,0.10921884595284584
jzsiDRP5gXc,58,409.48,416.54,0.09485813365676882
jzsiDRP5gXc,59,416.54,423.6,0.1109444292852673
jzsiDRP5gXc,60,423.6,430.66,0.13301098042315893
jzsiDRP5gXc,61,430.66,437.72,0.17501607665032953
jzsiDRP5gXc,62,437.72,444.78,0.23165754718005435
jzsiDRP5gXc,63,444.78,451.84,0.25421518972521073
jzsiDRP5gXc,64,451.84,458.9,0.2875723555607706
jzsiDRP5gXc,65,458.9,465.96,0.48079693820139974
jzsiDRP5gXc,66,465.96,473.02,0.8785144074446735
jzsiDRP5gXc,67,473.02,480.08,1.0
jzsiDRP5gXc,68,480.08,487.14,0.8535417819622849
jzsiDRP5gXc,69,487.14,494.2,0.6675543000290093
jzsiDRP5gXc,70,494.2,501.26,0.5609699818835338
jzsiDRP5gXc,71,501.26,508.32,0.5242429804156724
jzsiDRP5gXc,72,508.32,515.38,0.4641813315355432
jzsiDRP5gXc,73,515.38,522.44,0.40473277061149077
jzsiDRP5gXc,74,522.44,529.5,0.2806482432098185
jzsiDRP5gXc,75,529.5,536.56,0.2175502924976791
jzsiDRP5gXc,76,536.56,543.62,0.14259077217977173
jzsiDRP5gXc,77,543.62,550.68,0.12367458624405751
jzsiDRP5gXc,78,550.68,557.74,0.0995785131961993
jzsiDRP5gXc,79,557.74,564.8,0.07712172623585231
jzsiDRP5gXc,80,564.8,571.86,0.06519293729735766
jzsiDRP5gXc,81,571.86,578.92,0.056655348275209454
jzsiDRP5gXc,82,578.92,585.98,0.049524632982283795
jzsiDRP5gXc,83,585.98,593.04,0.046341205779560975
jzsiDRP5gXc,84,593.04,600.1,0.05523419269756861
jzsiDRP5gXc,85,600.1,607.16,0.051017336047756545
jzsiDRP5gXc,86,607.16,614.22,0.04640378856283844
jzsiDRP5gXc,87,614.22,621.28,0.05836856393100359
jzsiDRP5gXc,88,621.28,628.34,0.06989376038165693
jzsiDRP5gXc,89,628.34,635.4,0.08654811839199318
jzsiDRP5gXc,90,635.4,642.46,0.1414624529832883
jzsiDRP5gXc,91,642.46,649.52,0.1466273989211749
jzsiDRP5gXc,92,649.52,656.58,0.14638989273906466
jzsiDRP5gXc,93,656.58,663.64,0.12929012822154182
jzsiDRP5gXc,94,663.64,670.7,0.10057579669930213
jzsiDRP5gXc,95,670.7,677.76,0.044443825528898695
jzsiDRP5gXc,96,677.76,684.82,0.026341332752956446
jzsiDRP5gXc,97,684.82,691.88,0.0040476651320645075
jzsiDRP5gXc,98,691.88,698.94,0.0
jzsiDRP5gXc,99,698.94,706.0,0.02850316647083094
5VPmpRR09ZU,0,0.0,6.0,1.0
5VPmpRR09ZU,1,6.0,12.0,0.4012330707102512
5VPmpRR09ZU,2,12.0,18.0,0.257477981923827
5VPmpRR09ZU,3,18.0,24.0,0.26017656833247066
5VPmpRR09ZU,4,24.0,30.0,0.28540804533252584
5VPmpRR09ZU,5,30.0,36.0,0.3624822246338722
5VPmpRR09ZU,6,36.0,42.0,0.3711240295919437
5VPmpRR09ZU,7,42.0,48.0,0.3278348718255927
5VPmpRR09ZU,8,48.0,54.0,0.27965495425434417
5VPmpRR09ZU,9,54.0,60.0,0.22650304806663557
5VPmpRR09ZU,10,60.0,66.0,0.1769547971480514
5VPmpRR09ZU,11,66.0,72.0,0.19772225097775928
5VPmpRR09ZU,12,72.0,78.0,0.13695597699768083
5VPmpRR09ZU,13,78.0,84.0,0.16278851980741055
5VPmpRR09ZU,14,84.0,90.0,0.1928445498800608
5VPmpRR09ZU,15,90.0,96.0,0.20170410649768394
5VPmpRR09ZU,16,96.0,102.0,0.23494851581856907
5VPmpRR09ZU,17,102.0,108.0,0.26562004020255425
5VPmpRR09ZU,18,108.0,114.0,0.2430666483540367
5VPmpRR09ZU,19,114.0,120.0,0.31232875286241385
5VPmpRR09ZU,20,120.0,126.0,0.43307965044306457
5VPmpRR09ZU,21,126.0,132.0,0.5531405368936787
5VPmpRR09ZU,22,132.0,138.0,0.5368162853585045
5VPmpRR09ZU,23,138.0,144.0,0.4081586601875997
5VPmpRR09ZU,24,144.0,150.0,0.3103763391567253
5VPmpRR09ZU,25,150.0,156.0,0.24637337784373897
5VPmpRR09ZU,26,156.0,162.0,0.16172389272208113
5VPmpRR09ZU,27,162.0,168.0,0.1352430261937576
5VPmpRR09ZU,28,168.0,174.0,0.12890521551980777
5VPmpRR09ZU,29,174.0,180.0,0.3835264226046039
5VPmpRR09ZU,30,180.0,186.0,0.26493601050833254
5VPmpRR09ZU,31,186.0,192.0,0.2505640356994006
5VPmpRR09ZU,32,192.0,198.0,0.23457552078672228
5VPmpRR09ZU,33,198.0,204.0,0.2936152145079863
5VPmpRR09ZU,34,204.0,210.0,0.4812024932450869
5VPmpRR09ZU,35,210.0,216.0,0.49018966904669975
5VPmpRR09ZU,36,216.0,222.0,0.2889438957758096
5VPmpRR09ZU,37,222.0,228.0,0.24184753128336592
5VPmpRR09ZU,38,228.0,234.0,0.21240585402666606
5VPmpRR09ZU,39,234.0,240.0,0.17497777280187257
5VPmpRR09ZU,40,240.0,246.0,0.12516919244589403
5VPmpRR09ZU,41,246.0,252.0,0.13245471824789043
5VPmpRR09ZU,42,252.0,258.0,0.1829273292989538
5VPmpRR09ZU,43,258.0,264.0,0.2942991072227618
5VPmpRR09ZU,44,264.0,270.0,0.4077771267702767
5VPmpRR09ZU,45,270.0,276.0,0.45310440171578625
5VPmpRR09ZU,46,276.0,282.0,0.24184250870367402
5VPmpRR09ZU,47,282.0,288.0,0.08109185494643738
5VPmpRR09ZU,48,288.0,294.0,0.004937629605385959
5VPmpRR09ZU,49,294.0,300.0,0.011366737080189959
5VPmpRR09ZU,50,300.0,306.0,0.026029085485036914
5VPmpRR09ZU,51,306.0,312.0,0.021166315146967988
5VPmpRR09ZU,52,312.0,318.0,0.017502662880433017
5VPmpRR09ZU,53,318.0,324.0,0.019639131301922057
5VPmpRR09ZU,54,324.0,330.0,0.009794372847824601
5VPmpRR09ZU,55,330.0,336.0,0.0
5VPmpRR09ZU,56,336.0,342.0,0.011344934518345565
5VPmpRR09ZU,57,342.0,348.0,0.04315820541583855
5VPmpRR09ZU,58,348.0,354.0,0.07030378753647763
5VPmpRR09ZU,59,354.0,360.0,0.06675871381048692
5VPmpRR09ZU,60,360.0,366.0,0.08130867057977373
5VPmpRR09ZU,61,366.0,372.0,0.08484146181542696
5VPmpRR09ZU,62,372.0,378.0,0.09432753958979953
5VPmpRR09ZU,63,378.0,384.0,0.050784855698545864
5VPmpRR09ZU,64,384.0,390.0,0.05735167317653875
5VPmpRR09ZU,65,390.0,396.0,0.05737600985813678
5VPmpRR09ZU,66,396.0,402.0,0.06773215824450064
5VPmpRR09ZU,67,402.0,408.0,0.06375470889676023
5VPmpRR09ZU,68,408.0,414.0,0.06762714066912451
5VPmpRR09ZU,69,414.0,420.0,0.1878581784217557
5VPmpRR09ZU,70,420.0,426.0,0.4162871118413435
5VPmpRR09ZU,71,426.0,432.0,0.13853640018746094
5VPmpRR09ZU,72,432.0,438.0,0.09686465006134853
5VPmpRR09ZU,73,438.0,444.0,0.11592931239605543
5VPmpRR09ZU,74,444.0,450.0,0.15949843332041466
5VPmpRR09ZU,75,450.0,456.0,0.20730213684283197
5VPmpRR09ZU,76,456.0,462.0,0.474488902290552
5VPmpRR09ZU,77,462.0,468.0,0.43156799093524817
5VPmpRR09ZU,78,468.0,474.0,0.17941047333886853
5VPmpRR09ZU,79,474.0,480.0,0.16534647398468094
5VPmpRR09ZU,80,480.0,486.0,0.1720527593687549
5VPmpRR09ZU,81,486.0,492.0,0.1541475595559236
5VPmpRR09ZU,82,492.0,498.0,0.13147214185080053
5VPmpRR09ZU,83,498.0,504.0,0.11053524444621401
5VPmpRR09ZU,84,504.0,510.0,0.11184890016463103
5VPmpRR09ZU,85,510.0,516.0,0.12572907310209497
5VPmpRR09ZU,86,516.0,522.0,0.14408046063082872
5VPmpRR09ZU,87,522.0,528.0,0.18008906951505987
5VPmpRR09ZU,88,528.0,534.0,0.23275739259806907
5VPmpRR09ZU,89,534.0,540.0,0.3068219964882123
5VPmpRR09ZU,90,540.0,546.0,0.33422048832624635
5VPmpRR09ZU,91,546.0,552.0,0.24784704838515845
5VPmpRR09ZU,92,552.0,558.0,0.18689827212300242
5VPmpRR09ZU,93,558.0,564.0,0.15296700219934198
5VPmpRR09ZU,94,564.0,570.0,0.08366613250770646
5VPmpRR09ZU,95,570.0,576.0,0.06465012070628794
5VPmpRR09ZU,96,576.0,582.0,0.04686247208815486
5VPmpRR09ZU,97,582.0,588.0,0.06546601594732976
5VPmpRR09ZU,98,588.0,594.0,0.03710526633005033
5VPmpRR09ZU,99,594.0,600.0,0.0773001268977589
